UID,Username,PasswdHash,Email,1,2,3,4,5,6,7,8,9,10,11,12,13,14,15,16,17,18,19,20,21,22,23,24,25,26,27,28,29,30,31,32,33,34,35,36,37,38,39,40,41,42,43,44,45,46,47,48,49,50
5879153,rgBHlV,j4No05,rgBHlV@5879153.com,0,0,1,0,0,0,0,1,0,0,1,1,0,0,1,0,0,1,0,0,1,0,1,1,1,0,1,0,0,0,0,0,0,1,0,0,0,0,0,0,1,0,1,0,0,1,0,1,0,0
6198032,w464o2,SP0152,w464o2@6198032.com,1,1,1,1,0,1,0,1,0,1,1,1,0,0,0,1,1,1,1,1,0,0,0,0,0,1,1,0,0,1,0,0,1,0,0,1,0,0,1,1,0,0,0,1,0,0,1,0,1,1
3545417,QG55U3,O5W1VJ,QG55U3@3545417.com,0,1,1,0,1,0,0,0,1,0,1,0,0,0,0,0,1,1,1,1,1,1,0,1,0,0,1,1,0,1,1,0,1,1,0,1,0,0,0,0,1,0,0,1,0,0,0,0,0,1
4162104,p732jE,WA3778,p732jE@4162104.com,0,0,1,1,1,0,0,1,1,1,0,0,1,1,1,0,0,0,1,0,0,1,1,1,1,1,1,0,0,0,1,1,0,0,0,1,0,1,1,0,0,1,0,0,1,0,0,1,1,1
343429,ar7yp1,O1yj06,ar7yp1@343429.com,0,0,0,0,0,1,0,0,0,0,0,0,1,0,1,0,1,1,0,1,0,0,0,1,0,0,0,0,1,1,0,1,0,0,1,1,1,1,0,0,1,0,1,0,0,1,1,1,0,1
4777642,77JGH7,56i5WF,77JGH7@4777642.com,1,1,1,0,1,0,0,1,1,1,0,0,1,0,0,1,0,1,1,0,0,0,0,1,1,0,1,0,1,0,1,1,0,1,0,0,1,0,0,0,0,1,0,1,0,1,0,1,1,0
8736880,2Cx7Fq,ghc5LB,2Cx7Fq@8736880.com,0,0,1,1,1,1,1,0,0,0,0,1,0,1,1,0,1,1,0,1,1,1,0,0,0,1,0,1,0,0,1,1,0,0,0,0,1,0,1,1,1,1,0,0,1,1,1,0,1,0
9055415,5Sxdp2,Sa4616,5Sxdp2@9055415.com,1,1,1,0,0,0,0,1,0,0,0,0,1,1,1,1,0,0,0,1,1,0,0,0,0,1,0,1,0,1,0,1,1,0,0,0,0,0,1,1,0,0,0,0,1,0,0,1,1,0
7945170,5xMa7Q,O88530,5xMa7Q@7945170.com,0,1,1,1,0,0,0,1,0,1,0,0,1,0,1,0,0,0,1,1,1,0,0,1,1,0,0,0,1,1,0,1,0,0,1,0,0,1,0,1,1,0,1,1,0,1,0,0,0,1
1174733,l7v61r,64bc31,l7v61r@1174733.com,1,0,1,0,1,0,0,0,1,1,0,0,0,0,0,1,1,0,0,0,0,0,0,1,1,1,1,1,1,1,0,1,0,1,1,0,0,0,0,1,0,0,1,0,0,0,1,0,0,0
2644232,3Q6103,YY841V,3Q6103@2644232.com,0,1,0,1,0,1,1,0,0,0,0,0,0,0,0,0,0,0,1,1,1,1,1,0,0,0,1,0,0,1,0,0,0,0,0,0,1,0,0,1,1,1,0,1,1,0,1,1,0,1
745460,2StSt2,30pUyN,2StSt2@745460.com,0,1,0,0,1,1,0,0,1,1,1,0,0,0,0,0,0,1,0,1,1,1,0,0,1,0,0,1,0,0,0,1,0,1,1,0,0,1,1,0,1,1,0,1,1,0,0,0,0,1
932952,8VJ6aJ,fb155c,8VJ6aJ@932952.com,1,1,0,0,1,1,0,1,1,0,0,1,1,1,0,0,1,0,0,1,1,1,1,1,1,0,0,1,1,0,0,1,1,0,1,1,1,0,1,0,0,0,0,0,1,1,1,1,0,1
6418762,mFLCvv,2f3K33,mFLCvv@6418762.com,0,0,0,1,0,1,0,1,1,0,0,0,1,0,0,1,1,0,1,0,0,0,1,1,1,0,1,1,0,1,0,0,0,1,0,0,1,0,0,0,0,1,1,0,0,1,1,0,1,0
4442751,3yfT7c,3P07O8,3yfT7c@4442751.com,0,0,1,0,1,0,0,1,1,1,0,1,0,0,0,1,0,1,0,1,0,0,1,0,1,1,0,0,1,1,1,0,1,1,1,0,0,0,0,0,0,0,0,1,0,1,1,1,1,0
9374667,0r3wX3,6H275Y,0r3wX3@9374667.com,0,0,0,1,0,1,0,0,1,1,1,1,0,0,1,0,1,1,1,1,0,1,0,0,1,1,0,0,0,1,1,1,1,0,0,1,1,0,1,0,0,0,1,0,0,0,1,1,0,1
4500472,0S8U17,p6fF20,0S8U17@4500472.com,1,1,0,1,1,1,0,0,0,1,0,1,1,0,1,0,1,0,0,0,1,1,0,0,0,0,1,0,1,0,0,0,1,1,1,1,1,0,0,1,1,1,1,0,1,0,1,0,1,1
356048,OY2T2N,0DRQ0b,OY2T2N@356048.com,0,0,1,0,0,0,0,0,0,1,1,0,1,0,1,0,0,0,1,1,1,0,1,1,0,0,0,0,0,1,0,1,1,1,0,1,0,0,1,0,1,0,1,0,0,1,0,1,0,1
4811849,62h0qv,043m7D,62h0qv@4811849.com,1,0,1,0,1,1,0,0,1,0,0,1,1,1,0,0,0,0,0,1,1,1,0,1,0,0,1,0,1,0,0,1,0,0,1,0,1,1,0,1,0,0,0,1,0,0,0,0,0,1
3444317,7rj2Y0,D101U6,7rj2Y0@3444317.com,1,0,0,0,0,1,0,1,1,0,1,1,0,0,0,0,0,1,1,1,1,1,0,0,0,1,0,1,0,1,1,0,0,0,1,1,0,0,1,1,1,1,1,0,0,1,0,1,1,1
6492685,671x63,61wxLa,671x63@6492685.com,0,0,0,0,1,1,1,0,1,0,1,1,0,1,1,0,1,0,0,0,1,0,0,0,0,0,0,0,0,1,1,0,1,0,0,1,0,0,0,0,1,0,0,1,1,1,0,0,1,1
7966313,8s4uj4,248065,8s4uj4@7966313.com,0,1,0,0,1,1,0,0,1,0,0,1,1,1,1,1,0,0,0,0,0,0,0,1,1,0,0,1,0,1,0,0,1,0,1,1,1,0,0,1,1,0,1,0,0,0,1,1,1,0
869570,U5mw11,GdOT43,U5mw11@869570.com,0,1,0,0,0,1,0,0,0,1,0,0,1,0,1,0,0,1,1,1,1,1,0,1,0,0,1,0,1,1,0,1,1,1,1,1,1,1,1,0,1,1,1,1,1,0,1,0,1,1
7034934,4j21RW,PI7l24,4j21RW@7034934.com,0,0,1,1,0,0,1,0,1,1,0,0,1,0,1,0,1,1,1,1,0,0,1,0,1,1,1,1,0,1,0,1,0,0,1,1,1,1,1,0,1,1,0,0,1,1,0,0,0,0
1264724,787bfG,yqV1L4,787bfG@1264724.com,1,0,0,1,0,0,0,1,1,0,0,0,0,0,0,0,1,1,0,0,1,0,0,0,1,0,1,0,1,1,0,0,0,1,0,1,0,0,1,0,1,1,0,1,1,0,0,1,1,1
4998855,42iGKF,3ygn1y,42iGKF@4998855.com,0,0,0,1,1,0,0,0,0,1,0,0,0,1,0,1,0,0,1,1,1,1,0,1,0,0,1,1,0,0,1,1,1,1,0,0,0,0,0,1,1,0,0,0,0,1,0,1,1,1
7648311,5T1bt3,700052,5T1bt3@7648311.com,0,1,0,0,0,0,0,1,0,1,1,0,1,0,0,1,0,1,0,0,0,1,1,0,0,0,1,0,0,0,0,0,0,0,1,0,0,1,1,0,0,1,1,1,1,0,0,1,1,0
5937591,J3Y727,x164D7,J3Y727@5937591.com,1,0,0,1,1,1,1,1,0,1,0,0,0,0,1,1,1,0,0,1,0,1,1,0,0,0,1,1,0,1,0,1,0,1,1,0,1,1,1,0,1,0,0,1,0,0,1,1,0,1
4631186,w2VY87,8462D4,w2VY87@4631186.com,0,1,1,0,0,0,0,1,0,0,1,1,0,1,1,1,1,0,0,0,1,1,1,0,1,1,1,0,1,1,1,1,1,1,0,0,0,0,0,0,0,0,0,0,0,1,1,1,1,0
2409931,di2723,3ejfc2,di2723@2409931.com,1,0,0,1,0,1,0,1,1,0,1,0,0,1,0,1,1,0,0,0,1,0,0,1,1,1,1,1,0,1,1,1,1,0,1,0,0,0,0,1,0,1,1,0,1,0,1,1,1,0
7607226,35G4c0,3qG422,35G4c0@7607226.com,1,0,0,1,0,0,0,1,0,1,0,1,1,0,1,0,0,0,1,0,0,0,1,1,1,1,0,1,0,1,1,1,0,0,0,1,0,1,0,0,0,0,0,1,0,1,1,1,1,1
1536772,72m8T3,7pA4Hd,72m8T3@1536772.com,1,0,0,1,1,1,1,1,0,0,0,1,0,0,0,0,1,1,1,1,1,0,0,1,0,1,1,1,1,1,0,1,0,1,1,1,0,0,0,1,1,1,0,1,1,1,0,0,0,1
9397861,j72FSA,1mK1H2,j72FSA@9397861.com,0,1,0,1,1,1,1,0,1,1,1,1,1,0,1,1,0,1,0,1,1,0,0,1,1,1,1,0,0,0,1,0,0,1,0,1,1,0,1,0,0,1,0,0,0,1,0,0,0,1
8752426,CDjY42,jd4Dr1,CDjY42@8752426.com,1,1,1,0,0,1,0,0,0,0,1,1,0,0,0,1,0,1,0,1,1,0,0,0,1,1,1,0,0,0,1,1,1,1,0,1,0,1,1,0,0,1,1,0,0,1,0,0,0,1
4977372,3LY38f,ah7852,3LY38f@4977372.com,1,1,1,0,1,1,0,1,1,0,1,1,1,0,1,1,0,1,0,1,0,1,0,0,0,1,0,0,1,0,0,1,1,1,0,0,0,0,0,1,0,0,0,0,1,1,0,0,1,0
2061127,L4de46,83o6cN,L4de46@2061127.com,0,0,1,1,1,1,0,1,1,0,1,1,0,0,1,1,0,1,0,1,1,1,1,0,1,0,1,1,0,1,0,0,1,1,0,1,0,0,0,1,0,0,1,0,0,1,0,1,1,1
3600155,v4874R,2127Ae,v4874R@3600155.com,1,0,0,1,0,1,0,0,0,1,0,1,0,1,0,1,0,1,0,0,0,1,0,1,1,1,0,1,1,0,0,1,0,0,1,0,1,1,1,0,1,0,1,0,1,1,0,1,0,1
4718951,3X6T03,xGDkD1,3X6T03@4718951.com,0,1,0,1,0,0,1,0,0,0,0,1,1,1,1,0,1,0,1,1,1,0,1,1,1,0,1,0,0,0,1,0,1,0,0,0,1,0,1,0,1,1,0,1,0,0,0,1,1,1
9504054,D2373Y,8d8Fqv,D2373Y@9504054.com,1,0,0,1,0,0,0,1,1,1,0,1,1,0,0,1,1,0,0,1,0,0,1,1,1,1,0,1,0,0,0,1,0,0,1,0,1,1,1,0,1,0,1,0,0,1,0,0,1,1
6139822,4i250O,k7880P,4i250O@6139822.com,1,0,0,1,0,0,0,0,0,0,1,1,1,0,1,0,1,0,1,1,1,0,1,0,1,1,1,0,1,1,0,0,0,0,0,0,1,0,1,1,1,0,1,1,1,1,1,1,1,1
6632519,63o47q,8r083C,63o47q@6632519.com,0,0,0,1,1,0,1,0,1,0,0,0,0,0,1,0,0,0,1,0,1,1,1,0,0,1,0,0,1,1,1,1,0,0,1,1,0,0,1,0,1,0,1,0,1,0,1,0,1,1
1291747,3Oe63O,3I8720,3Oe63O@1291747.com,0,1,1,1,1,1,0,0,0,1,1,0,1,1,1,1,1,0,1,1,1,1,0,0,0,0,0,1,0,1,1,1,1,1,0,1,1,1,1,1,1,0,0,1,1,1,1,0,1,1
1834253,M5b332,Q7R637,M5b332@1834253.com,1,1,0,0,1,1,0,1,1,0,1,0,1,1,1,0,1,1,1,1,1,1,1,0,1,0,0,1,1,0,0,0,1,1,1,0,1,0,1,0,0,1,0,1,0,0,0,0,1,1
8404065,7js1Q5,Qo2GXx,7js1Q5@8404065.com,0,0,1,0,1,1,1,1,0,0,1,0,0,0,1,0,1,0,1,1,1,1,0,0,1,0,0,0,0,0,0,1,1,0,0,1,0,1,0,0,1,0,1,0,0,0,0,1,0,0
2294308,1gv46P,T6rFC2,1gv46P@2294308.com,0,0,1,1,1,0,0,0,0,1,0,1,1,0,1,0,1,1,0,0,1,1,1,1,1,0,1,1,1,0,1,1,1,1,1,0,0,0,0,1,1,1,0,0,1,1,0,1,1,1
345143,5c86ah,w1L4i5,5c86ah@345143.com,0,1,0,1,0,0,0,1,0,0,1,1,0,1,0,1,0,0,0,0,1,0,0,0,0,0,1,1,0,0,0,0,1,1,1,0,1,1,0,1,0,1,1,0,1,0,1,0,0,1
5456603,38ImP1,37L8l2,38ImP1@5456603.com,0,0,0,0,0,1,1,0,1,0,1,1,0,1,1,1,1,0,1,0,1,0,1,1,0,0,0,0,1,1,1,1,1,0,1,0,0,0,0,0,0,1,0,0,1,0,0,1,1,1
6968369,03g03g,F86QsP,03g03g@6968369.com,1,0,1,1,1,0,0,0,1,0,0,0,1,1,1,0,1,1,0,0,1,1,1,0,0,0,1,0,0,1,0,0,1,1,0,1,0,0,0,1,1,1,0,1,0,0,1,1,1,1
6795083,24K3Ls,Y4HU40,24K3Ls@6795083.com,0,0,0,1,1,0,0,1,1,1,0,1,1,0,0,1,1,1,0,1,1,1,1,1,1,0,1,1,0,0,1,0,0,0,1,1,0,1,1,0,1,1,1,0,1,0,1,0,0,0
1223986,01158y,Y6nLoE,01158y@1223986.com,1,0,0,1,0,0,0,1,0,1,1,1,1,0,0,0,1,0,0,1,1,1,0,0,1,0,0,1,0,0,1,1,0,1,0,1,0,1,0,0,1,1,1,1,0,1,0,1,1,0
7922173,m1NFM5,548882,m1NFM5@7922173.com,0,0,0,1,0,0,0,0,0,1,1,0,1,0,1,1,1,0,1,1,0,0,1,1,0,1,0,0,1,1,1,1,1,1,1,0,1,1,0,1,0,1,0,0,1,1,0,1,0,1
8662233,OPl6ap,oeQAoP,OPl6ap@8662233.com,0,0,1,1,0,0,1,0,1,1,1,1,1,1,1,1,1,1,0,0,1,1,1,0,0,1,0,0,0,0,1,0,0,1,1,1,0,0,0,1,0,0,0,0,1,1,0,1,0,0
17212,660Ne3,3WKI8G,660Ne3@17212.com,1,1,0,0,1,0,1,0,0,0,1,0,1,1,1,0,0,0,1,1,0,1,1,0,0,0,0,0,0,0,0,1,1,1,1,0,0,0,0,1,0,0,1,1,0,1,0,1,0,1
5665064,8Gg22O,Fy7UHX,8Gg22O@5665064.com,0,1,1,1,1,1,0,0,1,1,1,1,1,0,1,1,1,0,1,0,0,1,1,0,0,1,0,1,0,0,0,0,1,1,1,1,0,0,0,0,0,0,0,0,1,0,0,0,0,1
9354466,5560TV,85K1V3,5560TV@9354466.com,0,0,1,0,1,0,1,1,1,1,0,1,0,0,1,1,0,1,1,1,1,1,1,0,1,0,0,0,0,1,0,1,0,0,0,1,0,1,1,0,0,0,0,0,1,0,0,1,0,1
3166902,0S2XO8,d71qVY,0S2XO8@3166902.com,1,0,1,1,1,1,0,1,1,1,0,1,0,0,0,1,0,0,1,1,1,1,1,1,0,1,0,1,0,0,0,0,0,0,0,0,1,1,1,1,0,0,0,0,0,0,1,0,1,0
3956094,7v0W08,q2ueR2,7v0W08@3956094.com,0,0,0,0,1,1,1,1,1,1,0,1,1,1,0,0,0,1,1,0,0,0,1,1,0,0,1,0,1,0,1,0,0,0,1,0,0,0,1,0,0,1,0,1,0,0,0,1,1,1
9934536,I3P3e3,8Ce1t2,I3P3e3@9934536.com,1,1,0,1,0,0,1,0,1,0,1,0,0,1,0,0,0,1,0,1,0,0,0,0,0,0,0,0,1,0,1,1,0,1,0,0,1,1,0,1,0,1,0,0,1,0,1,1,1,1
9615464,Q6A416,0B30p4,Q6A416@9615464.com,1,0,1,1,1,0,0,1,1,1,0,1,0,1,0,1,1,0,0,1,0,0,0,1,0,0,0,1,1,0,1,0,1,1,1,0,1,0,0,1,1,1,0,0,1,0,1,1,0,1
6288169,1DJ243,3nhS4t,1DJ243@6288169.com,0,1,0,1,0,1,1,0,1,1,1,1,0,1,1,0,0,0,1,1,1,1,0,0,1,0,0,0,0,0,1,1,0,1,0,0,1,1,0,1,0,1,1,0,0,1,1,1,0,1
4993190,d1Wv76,lhwLJ6,d1Wv76@4993190.com,0,1,0,1,0,1,0,1,1,0,1,1,0,1,1,1,1,1,1,1,0,1,0,1,1,0,1,1,1,1,1,1,1,0,0,1,1,0,0,0,1,0,0,0,0,0,0,1,1,1
7382481,712Ih4,6h74o1,712Ih4@7382481.com,0,0,1,0,0,1,0,1,1,1,0,0,0,1,0,0,0,0,1,1,0,1,1,1,1,0,1,1,0,1,1,1,0,1,1,1,1,1,1,0,1,1,1,0,0,0,0,0,0,0
8010998,j848ny,1Ya3e5,j848ny@8010998.com,0,0,0,1,0,0,1,0,0,0,0,1,0,1,1,1,0,1,0,0,1,1,1,0,0,0,0,0,0,0,0,0,1,0,0,1,0,1,0,1,1,0,0,0,1,0,1,0,1,0
2703586,5Xx0aI,8I81Wq,5Xx0aI@2703586.com,0,1,0,1,0,0,0,0,1,1,1,0,1,0,1,1,0,0,1,1,0,0,0,0,0,0,1,1,0,0,1,0,0,1,1,0,1,0,1,0,0,0,1,1,0,0,1,1,1,1
3927187,P14k3B,704A62,P14k3B@3927187.com,0,1,1,0,0,0,1,1,1,0,1,1,1,1,0,0,0,1,0,1,0,0,1,0,1,1,0,0,0,1,1,1,0,1,1,0,0,1,1,1,0,1,0,0,1,0,0,1,1,1
8242086,kH5717,8560Ud,kH5717@8242086.com,0,1,0,0,1,0,0,0,1,1,0,1,1,0,1,0,0,1,1,1,0,0,1,0,1,0,1,0,1,1,1,1,1,1,0,1,1,1,0,1,1,1,1,0,0,1,0,0,1,1
9109062,H4LlIG,X3Hu4k,H4LlIG@9109062.com,0,1,1,0,0,0,1,1,1,1,0,0,1,0,1,0,0,0,1,0,0,1,1,0,0,0,1,0,0,1,1,1,1,1,1,1,1,0,0,0,1,0,1,0,1,1,1,0,1,1
1555495,06Q42f,4275m1,06Q42f@1555495.com,0,1,1,1,0,0,0,1,0,1,1,1,0,0,0,1,1,0,1,0,0,1,0,1,0,0,1,0,1,1,0,1,0,1,1,1,0,1,1,1,0,0,1,0,0,1,0,0,0,0
2334245,GoIoa6,As5DH2,GoIoa6@2334245.com,0,0,0,1,1,0,1,0,0,1,1,1,1,0,1,1,1,1,0,1,0,0,0,0,1,0,1,0,0,1,0,0,1,1,0,1,0,1,1,1,1,0,0,0,1,0,1,1,1,1
4058211,LyIB6G,635x2f,LyIB6G@4058211.com,0,1,1,1,1,1,0,1,0,1,1,0,0,0,0,0,0,1,0,1,1,1,1,0,0,1,1,1,1,1,0,0,1,0,0,1,1,0,0,1,1,1,0,1,1,1,1,1,1,1
3930005,hj3C3W,0KE6dR,hj3C3W@3930005.com,1,0,1,1,1,0,1,0,0,1,0,0,0,0,0,1,1,1,1,0,1,0,1,0,0,1,1,0,0,0,1,1,1,0,1,0,0,1,0,0,1,1,0,1,1,0,1,1,0,1
7940964,v8Ji20,1Y0OP8,v8Ji20@7940964.com,0,0,1,1,0,1,0,1,0,1,1,0,1,1,0,1,1,0,1,0,0,0,1,0,1,1,1,1,0,1,0,0,0,1,0,0,1,1,1,0,1,1,1,1,1,0,0,0,1,0
2098171,VQ6oq5,jS5S0B,VQ6oq5@2098171.com,1,1,0,0,1,0,1,0,0,0,1,0,1,1,0,0,0,0,0,1,0,0,0,0,1,0,1,1,1,1,1,1,0,0,0,0,0,0,1,0,1,0,1,1,1,0,1,1,0,0
4339733,4b5u3W,6L628w,4b5u3W@4339733.com,0,0,1,1,0,1,0,1,0,1,1,0,1,0,1,0,0,1,1,1,1,0,0,0,1,0,1,0,0,0,1,1,0,1,0,0,1,1,0,0,1,0,0,1,0,1,1,0,0,1
2565517,64Qr6P,urf512,64Qr6P@2565517.com,0,1,0,0,0,0,0,0,1,0,1,0,0,0,1,1,0,1,0,1,1,0,0,0,1,1,0,0,1,1,0,0,1,1,0,0,0,0,1,0,0,1,1,1,0,0,0,1,0,0
160433,rU2646,281s00,rU2646@160433.com,0,0,0,1,1,0,0,0,0,1,0,0,0,1,1,1,1,1,0,1,0,1,0,1,0,0,0,1,0,0,0,0,0,0,0,0,1,1,1,0,0,1,0,1,1,0,0,0,1,0
4128429,88Xo1h,g8131u,88Xo1h@4128429.com,1,1,0,1,0,1,0,0,0,0,1,1,0,0,1,0,1,1,0,0,1,0,1,0,1,0,1,1,0,0,0,0,0,1,0,1,0,1,1,0,1,1,0,1,0,0,1,1,1,0
292499,655QJi,P2h255,655QJi@292499.com,0,1,1,0,0,0,0,0,1,0,0,0,1,0,0,0,1,0,1,1,1,0,1,1,1,1,1,0,1,0,1,1,1,0,0,1,0,1,0,1,0,0,1,0,1,0,0,1,0,0
2480207,QS14X4,1oX5F8,QS14X4@2480207.com,1,1,1,1,1,0,1,1,1,0,1,1,0,0,0,1,1,1,0,0,1,1,1,1,0,0,0,0,1,1,1,1,1,1,0,0,1,0,1,0,1,0,1,1,1,1,1,1,0,1
6677025,67tWh6,GQ5XgS,67tWh6@6677025.com,0,0,0,0,0,1,1,1,0,1,0,1,1,0,1,0,0,1,1,1,1,0,0,0,0,0,0,0,1,0,1,1,1,1,1,0,0,0,1,1,0,1,0,0,1,0,0,1,0,1
4880129,H146hY,331DgC,H146hY@4880129.com,0,0,0,0,0,0,0,0,0,0,0,1,0,0,1,1,0,1,0,1,1,1,1,0,0,1,1,1,0,1,0,1,0,1,1,0,0,0,0,0,0,1,1,1,0,0,1,1,1,0
3638276,us2PTU,U07CT3,us2PTU@3638276.com,0,0,0,0,1,1,0,1,0,0,1,0,0,0,0,1,1,1,1,1,1,1,1,1,1,1,1,1,1,0,1,1,0,1,0,0,1,1,0,0,1,0,1,0,1,0,0,0,1,0
1330331,618dY4,UTfU7D,618dY4@1330331.com,1,0,0,1,0,0,0,0,0,1,1,0,0,0,1,0,1,1,0,1,0,0,1,0,1,0,1,0,1,0,0,0,0,0,0,0,0,1,1,1,0,1,0,0,1,0,1,0,1,1
8748227,YeJH5Q,57J1I6,YeJH5Q@8748227.com,0,0,1,1,0,1,0,1,1,0,1,0,0,0,0,0,0,1,0,1,1,1,1,0,0,1,0,0,1,1,0,1,1,0,1,0,0,0,0,1,1,1,0,0,1,1,1,1,0,1
615192,3HK45e,6hS530,3HK45e@615192.com,0,0,1,0,1,0,1,0,1,1,0,1,0,0,0,1,1,1,0,1,0,1,0,1,1,1,0,0,1,1,1,1,1,0,1,0,1,1,0,1,1,1,0,1,0,0,0,0,1,1
4251383,b03G8l,e2f42G,b03G8l@4251383.com,0,0,0,0,1,1,0,1,1,0,0,0,0,1,0,1,0,1,1,1,1,1,0,0,1,0,1,1,1,1,1,0,0,0,0,1,0,1,0,0,0,1,0,1,0,0,0,0,0,1
9174759,18f37E,73704J,18f37E@9174759.com,0,0,1,0,0,0,1,0,1,0,0,0,0,0,0,1,1,0,0,0,1,0,0,0,1,0,1,0,0,1,1,1,1,1,0,1,0,0,0,1,1,1,1,0,1,1,1,0,0,1
2653668,V0j381,10378T,V0j381@2653668.com,0,0,0,0,1,1,0,0,0,0,1,1,0,1,1,0,1,1,1,0,0,1,1,1,0,1,0,1,1,0,0,1,1,0,1,0,0,0,0,0,0,1,1,0,0,1,1,1,0,0
7656483,23wT51,W1H18f,23wT51@7656483.com,0,0,0,1,1,0,0,1,1,0,0,1,0,1,1,1,1,1,0,0,0,0,1,1,0,0,1,0,0,0,1,1,0,1,1,1,0,0,0,0,0,1,0,0,0,0,0,0,0,0
5549035,3vJ5C6,ScPT8a,3vJ5C6@5549035.com,0,1,1,0,0,0,0,0,0,0,1,0,0,0,0,1,1,1,0,0,1,0,0,1,0,0,0,1,1,1,0,0,0,0,1,1,0,0,1,1,1,1,1,0,0,1,1,0,0,0
1244370,6p75Di,hVGIoA,6p75Di@1244370.com,0,0,0,0,1,1,0,1,0,0,0,1,1,1,0,0,1,1,1,0,0,1,1,0,0,1,0,0,0,1,0,1,0,0,0,1,0,0,1,1,1,1,1,0,0,1,1,1,0,1
8129024,4c50k4,4q3iS7,4c50k4@8129024.com,0,1,0,1,0,1,0,0,0,1,1,0,1,0,0,1,1,0,1,1,0,1,1,0,1,0,0,1,1,0,0,1,0,0,1,0,1,1,0,1,0,1,1,0,1,1,0,1,1,0
6938723,583m52,85I233,583m52@6938723.com,0,1,1,0,1,1,1,0,0,0,0,1,1,1,1,0,1,1,1,0,0,1,1,0,0,0,1,1,0,0,0,0,1,0,0,1,1,1,0,0,1,0,0,0,1,0,1,1,0,0
1641944,7l0IJ5,rWSCFI,7l0IJ5@1641944.com,0,1,0,1,1,0,1,1,0,0,1,1,1,0,0,1,1,1,0,1,1,1,0,1,1,1,1,0,1,1,0,1,0,1,1,0,1,0,0,0,0,1,0,0,1,0,1,0,0,1
2087448,0o1848,GO5Cb2,0o1848@2087448.com,0,1,0,1,1,0,0,0,1,0,1,1,0,1,1,0,0,1,1,0,0,1,0,0,0,0,0,1,1,1,0,1,0,0,1,1,0,0,0,1,0,0,0,0,1,1,1,0,1,1
9765340,gjYAt7,AN60kT,gjYAt7@9765340.com,1,1,0,1,0,1,0,0,1,1,1,0,0,0,1,0,1,0,0,1,0,1,0,1,0,0,0,0,1,1,1,1,1,1,1,1,0,0,1,0,0,0,0,1,0,1,0,1,1,1
2863336,4Cio43,510anh,4Cio43@2863336.com,1,1,0,0,1,1,0,1,1,1,0,0,1,0,1,1,1,1,1,1,0,0,0,1,0,1,1,0,1,1,0,0,0,1,1,0,0,0,0,1,1,1,0,0,1,0,0,0,0,1
2806092,sEkl2J,0MI006,sEkl2J@2806092.com,1,0,0,0,1,1,0,0,1,0,0,0,1,1,0,1,0,0,1,1,1,1,0,1,1,0,1,0,1,0,1,1,0,0,1,0,0,1,1,1,1,0,0,0,1,0,0,0,0,0
874651,0085M1,lm32fH,0085M1@874651.com,0,1,1,1,0,0,0,0,1,0,0,1,0,0,1,1,1,0,0,1,0,0,1,1,1,0,1,0,0,0,1,0,1,0,1,0,0,1,0,0,0,0,0,1,1,0,1,1,1,1
3859182,qe063q,D4y2f6,qe063q@3859182.com,0,1,1,0,1,0,1,1,1,0,0,1,0,0,1,1,0,1,1,1,1,1,0,1,1,1,0,1,0,0,1,0,0,0,1,0,1,1,0,1,1,0,1,1,1,1,1,1,1,0
8241249,22a2k3,4G7wII,22a2k3@8241249.com,1,0,0,0,0,1,0,0,0,1,0,0,1,1,1,1,0,1,1,0,0,0,0,0,1,0,0,0,0,0,1,1,0,0,1,1,1,1,1,1,1,1,0,0,0,1,0,1,0,1
8661282,62O6rI,G6nk76,62O6rI@8661282.com,0,1,0,1,1,0,0,1,0,1,0,0,1,1,1,1,1,1,1,1,1,1,0,0,0,0,1,0,1,1,0,1,1,1,1,1,0,0,1,1,0,1,0,1,0,1,0,1,0,0
3995648,45607F,Q7438e,45607F@3995648.com,0,1,1,0,1,1,1,0,0,1,0,1,1,1,0,1,1,0,1,0,0,0,1,1,1,0,0,0,0,1,1,1,0,1,1,0,1,1,1,1,1,0,0,0,1,0,0,1,1,1
7207239,gi6A2v,d85468,gi6A2v@7207239.com,0,1,0,1,1,1,0,0,0,1,0,0,0,1,0,1,1,1,1,1,0,1,0,1,1,1,0,1,0,0,0,1,1,0,1,1,1,1,1,1,1,1,0,0,0,0,0,1,1,0
9223711,o60spo,52Qe3b,o60spo@9223711.com,1,0,1,0,1,1,0,1,1,0,0,1,0,1,0,1,0,0,1,0,0,1,0,0,0,1,1,1,1,0,1,0,0,1,0,1,0,0,1,1,1,0,1,1,0,1,0,0,1,0
6038807,62jWYO,nre0N5,62jWYO@6038807.com,1,1,1,0,1,1,1,1,1,0,0,1,0,0,1,0,1,0,1,0,1,1,1,0,1,1,1,1,1,1,0,1,1,1,0,1,0,0,1,0,1,0,1,1,0,1,1,1,0,0
4503549,I805l1,8J8c1m,I805l1@4503549.com,0,0,0,1,1,0,0,1,0,1,0,1,1,1,0,1,1,1,0,1,1,0,0,0,0,1,0,1,1,1,0,1,0,1,0,1,0,1,0,1,1,1,0,1,0,1,0,0,0,0
4336683,s5l57S,6sL0k8,s5l57S@4336683.com,0,0,1,1,1,0,1,1,0,0,1,1,0,1,0,1,0,0,0,0,1,0,0,0,0,1,0,1,1,0,0,1,1,1,1,1,0,0,1,1,0,1,1,1,1,1,1,0,1,1
2395049,4j7Y38,0jE6xy,4j7Y38@2395049.com,0,1,1,1,0,0,1,1,0,1,0,0,0,0,0,0,1,1,0,0,0,0,0,0,0,0,1,1,0,0,0,0,0,1,1,0,1,0,1,1,1,1,1,1,0,1,1,1,0,1
1238988,e8Y7O6,YM71Nh,e8Y7O6@1238988.com,1,0,1,0,0,1,1,1,1,0,1,0,0,1,1,1,1,0,0,0,0,0,1,1,1,1,1,1,0,0,0,1,0,1,1,1,1,1,1,1,0,0,0,1,1,1,1,1,1,1
8732999,G2154D,3E4NO1,G2154D@8732999.com,0,1,1,0,0,0,1,1,1,1,1,1,1,0,1,1,1,1,1,0,0,0,0,0,0,0,0,0,0,0,0,0,0,0,1,1,0,0,1,1,0,0,0,0,0,1,1,1,0,0
3781403,5561y2,10F7C2,5561y2@3781403.com,0,1,1,1,1,0,1,0,1,0,0,0,1,0,0,1,1,1,0,0,1,1,0,1,0,1,1,1,0,0,0,1,0,0,1,0,0,0,0,1,0,0,1,0,0,0,0,0,0,1
1597708,0igSX5,670w2U,0igSX5@1597708.com,1,1,1,0,1,0,1,1,1,0,1,0,0,0,0,0,0,0,0,0,0,1,1,0,0,1,1,0,1,0,1,0,1,1,0,0,0,1,0,0,1,0,0,0,1,1,1,1,1,1
9067856,n74H57,p51511,n74H57@9067856.com,1,1,1,1,1,0,0,1,1,1,1,1,1,1,1,0,1,1,0,1,0,1,0,1,1,1,1,0,0,1,0,0,1,1,0,0,1,1,0,1,0,0,0,0,1,1,0,0,0,0
6278631,Fd67mf,288VG3,Fd67mf@6278631.com,1,0,1,0,0,0,0,1,1,0,0,1,0,0,1,1,0,1,0,0,0,0,1,1,1,1,1,1,1,0,1,1,1,0,1,1,0,0,1,1,1,0,0,1,0,1,1,0,0,0
5449479,15AC3M,44507I,15AC3M@5449479.com,0,1,0,1,0,1,0,1,0,0,1,1,1,1,1,1,1,0,0,1,0,0,0,1,1,1,1,0,1,0,0,1,1,0,0,0,1,0,0,1,1,0,0,0,0,0,0,1,0,1
41971,822E3Y,q626Fq,822E3Y@41971.com,1,1,0,1,1,0,1,0,1,0,1,1,0,0,0,0,1,0,0,0,1,1,0,0,0,1,1,0,1,0,0,0,0,1,1,0,1,0,1,1,0,0,1,0,1,0,1,1,1,0
4110716,Os4iJ6,fK83hG,Os4iJ6@4110716.com,0,0,0,1,0,0,1,0,0,0,0,0,1,0,0,0,1,0,0,0,0,0,1,1,1,0,0,1,1,1,1,0,0,0,1,0,1,0,1,0,0,1,0,0,0,1,1,1,1,1
8888025,27i467,3U148V,27i467@8888025.com,0,1,0,0,1,1,1,0,0,1,0,0,1,0,1,0,1,0,0,0,0,1,0,0,0,1,0,1,0,0,1,0,1,1,1,1,0,1,1,0,0,0,1,0,0,0,0,1,0,0
8772960,p47010,64Gl6g,p47010@8772960.com,0,1,1,1,0,1,1,0,1,1,0,0,0,1,1,1,0,1,1,0,0,0,1,1,0,1,1,1,1,1,0,0,0,1,1,0,0,0,0,0,1,1,1,1,0,0,0,1,0,0
1066274,S62120,b11xL2,S62120@1066274.com,0,0,1,1,1,1,0,1,1,1,0,0,0,1,0,1,1,0,1,1,0,1,1,1,0,0,1,1,1,1,1,1,0,1,0,1,0,0,0,0,0,1,0,0,1,0,1,0,1,1
4371274,c1J0n2,73561g,c1J0n2@4371274.com,1,1,0,1,0,0,0,1,0,1,1,1,1,0,1,1,1,0,1,0,0,0,1,1,1,0,0,1,1,0,0,1,1,1,0,0,0,0,1,1,1,1,1,1,1,1,0,0,0,0
773150,0026k1,0Pp0R3,0026k1@773150.com,1,1,1,0,0,0,0,1,1,0,0,1,1,1,1,0,0,0,0,0,0,0,1,1,0,1,0,1,0,1,1,1,0,1,0,1,0,1,0,1,0,0,0,0,0,1,0,0,1,1
6496399,1t0NOJ,pBVtHC,1t0NOJ@6496399.com,0,0,1,1,1,1,1,1,1,1,1,0,1,0,1,0,0,1,0,0,1,0,1,1,0,0,1,1,1,0,0,0,1,0,0,0,0,0,1,0,1,1,0,0,0,0,1,1,0,0
4338892,43077M,a5Rmsi,43077M@4338892.com,0,0,0,0,0,0,1,0,0,0,0,0,0,0,1,1,1,1,1,1,1,0,1,0,0,0,0,1,0,1,0,1,1,0,0,1,1,1,0,1,0,1,1,0,1,0,1,1,0,1
7675917,Ov3k1t,2782VW,Ov3k1t@7675917.com,0,1,0,0,0,0,0,0,0,0,1,1,1,0,1,1,1,1,0,0,1,0,1,1,0,0,0,1,0,1,0,0,0,0,0,1,1,1,0,1,0,1,0,1,0,1,1,1,1,0
2830227,7J825H,458Hj4,7J825H@2830227.com,1,1,0,0,1,1,0,1,1,1,1,1,1,1,1,1,1,1,0,1,0,1,1,0,0,1,0,1,0,0,1,0,0,0,0,0,1,1,1,0,1,0,1,1,1,0,0,0,0,0
2950176,5B7l38,7mb164,5B7l38@2950176.com,0,0,0,1,1,0,0,0,0,0,1,1,1,0,0,0,1,1,1,1,1,0,0,1,0,1,1,1,1,0,1,1,0,0,0,1,1,0,1,1,0,0,0,0,1,0,1,1,0,1
4633182,f66t4q,a535Ll,f66t4q@4633182.com,1,1,1,0,0,0,1,0,1,0,0,1,1,0,1,0,1,1,1,0,0,0,0,1,1,0,1,0,0,0,0,1,1,0,0,1,1,1,0,0,1,0,1,1,0,0,0,0,0,1
6735940,XQu623,4j6t45,XQu623@6735940.com,0,0,1,0,1,0,1,0,1,0,0,0,1,1,0,0,1,1,0,0,0,0,1,1,0,0,1,1,1,0,1,1,0,1,0,0,1,1,0,1,0,0,1,1,0,1,0,0,1,1
1786933,Kw4uL2,775406,Kw4uL2@1786933.com,1,1,0,0,1,0,1,0,0,1,1,0,0,1,0,1,0,0,1,0,1,0,1,0,1,0,0,0,0,1,0,0,0,0,0,1,1,0,0,0,0,1,1,0,0,0,1,1,1,0
4348338,D65x43,474y70,D65x43@4348338.com,0,0,0,1,1,1,1,0,1,1,1,1,0,1,0,0,0,0,0,1,1,1,0,0,1,1,0,0,1,1,0,1,1,1,1,0,1,0,0,0,1,1,0,1,1,1,0,0,0,0
3120000,7v0KI1,2F47j8,7v0KI1@3120000.com,0,0,0,0,1,0,0,1,1,0,1,1,0,0,0,0,1,0,1,1,0,1,1,1,0,1,1,1,1,0,1,0,1,0,0,1,0,0,1,0,1,1,1,1,0,1,0,1,0,1
8631025,r340In,x3Uh64,r340In@8631025.com,0,0,0,0,0,0,1,0,0,1,1,0,0,1,1,1,0,0,1,0,0,1,0,1,0,0,0,1,1,1,0,0,1,1,1,1,0,1,0,1,1,0,0,1,1,1,0,1,1,1
658374,k8S5UV,fI1o61,k8S5UV@658374.com,0,0,0,0,0,0,0,0,0,0,1,1,1,0,1,0,1,1,0,1,0,1,0,1,1,0,1,0,0,1,1,1,0,0,1,1,0,1,1,1,1,1,0,1,0,1,1,1,0,1
1154486,1Fky3H,814sTl,1Fky3H@1154486.com,1,1,1,0,0,0,1,0,1,0,1,0,0,1,0,0,1,1,0,0,1,0,1,0,1,1,1,0,1,0,0,1,0,0,0,0,1,1,1,0,0,1,1,1,0,1,1,0,0,1
3035247,g6DEr4,52IBXB,g6DEr4@3035247.com,0,0,0,0,0,0,0,1,1,0,0,1,1,1,1,1,0,1,1,1,0,0,1,0,1,0,1,0,0,0,0,1,1,0,1,1,0,0,1,0,0,1,0,0,1,0,0,0,1,1
9896145,66lqhV,5vIa7C,66lqhV@9896145.com,1,1,1,1,0,1,1,0,0,0,0,0,1,1,1,0,1,0,0,0,0,0,0,0,0,1,1,1,0,0,0,1,0,1,1,1,0,1,1,0,1,0,1,0,0,0,1,1,0,0
4233983,hwE7CI,tYCn71,hwE7CI@4233983.com,1,0,1,1,1,1,1,1,0,1,0,0,1,0,1,1,1,0,1,1,0,1,0,0,0,0,1,1,1,0,1,0,0,0,0,1,1,1,1,1,1,1,1,1,0,0,1,1,0,1
2437937,886c3o,P5x8Yp,886c3o@2437937.com,0,0,1,1,0,0,1,0,0,1,1,0,0,1,0,1,0,0,1,0,0,0,0,1,1,0,1,0,1,1,0,0,1,1,0,0,1,1,1,0,1,0,1,1,0,0,1,1,1,0
8104810,C1rGGf,SU53MC,C1rGGf@8104810.com,0,0,1,0,0,1,0,0,0,0,0,1,0,0,0,0,1,1,1,0,1,0,1,0,0,1,0,0,0,0,1,0,1,0,0,0,1,0,1,1,0,0,0,1,0,0,1,0,1,1
7442861,60b416,Ja2bpI,60b416@7442861.com,0,1,1,1,1,0,0,1,0,0,1,0,0,1,1,1,1,1,0,1,0,1,1,0,1,1,0,1,0,0,0,1,1,1,0,1,0,0,0,0,1,0,0,1,1,1,1,1,0,1
6258840,57O5u7,q2POF6,57O5u7@6258840.com,1,0,0,0,1,0,0,0,1,1,0,0,0,0,0,1,1,1,0,0,0,0,0,1,0,0,0,0,1,1,0,1,0,1,1,1,1,1,0,1,1,0,0,1,0,1,0,0,1,0
8491056,8mYp71,f6cjoy,8mYp71@8491056.com,0,1,0,0,1,1,0,0,0,0,1,0,0,1,1,0,0,1,1,0,1,0,0,0,1,1,1,1,1,0,0,0,1,1,1,1,1,0,1,0,0,1,0,0,1,1,0,0,1,1
419698,XI06hx,Fqe662,XI06hx@419698.com,0,0,1,0,0,1,0,1,0,0,0,1,1,1,1,1,0,0,1,1,1,0,0,1,0,1,1,1,1,1,0,1,0,1,0,0,1,1,0,0,1,1,0,0,0,0,1,0,0,1
7591353,4Q88x8,0EfL5e,4Q88x8@7591353.com,0,1,1,1,0,1,0,0,0,0,1,0,0,0,1,1,1,0,1,0,1,0,0,1,1,1,1,0,0,1,1,0,0,1,1,1,1,1,0,0,0,1,0,1,1,0,1,1,1,1
9938632,8PsrUE,8PVM5c,8PsrUE@9938632.com,1,0,0,1,1,0,0,0,0,1,0,1,0,0,1,0,1,1,1,0,0,0,0,1,1,0,0,0,0,0,1,1,0,1,1,0,1,0,1,1,0,0,1,0,0,1,1,1,1,1
7714291,1080F5,1N45P0,1080F5@7714291.com,1,0,0,1,1,0,1,0,1,0,0,1,1,1,1,1,0,1,1,1,1,0,1,0,1,0,1,1,0,0,0,1,1,1,0,1,1,1,1,0,0,1,1,0,0,0,0,0,1,0
6378037,krj6v4,Ui51g7,krj6v4@6378037.com,1,0,1,0,1,1,1,1,0,0,0,1,0,1,0,1,0,1,0,1,1,0,1,1,1,1,0,0,0,1,1,0,1,1,1,0,1,1,0,0,1,1,1,0,0,1,1,1,0,0
6394742,m6Sv2Q,3w37mj,m6Sv2Q@6394742.com,1,1,1,0,0,1,0,0,1,0,0,1,1,0,0,0,0,0,0,0,1,1,0,1,1,1,0,0,1,1,0,0,0,0,1,0,0,0,0,0,0,1,1,1,1,1,0,1,0,0
2960902,7K321w,a053hi,7K321w@2960902.com,1,1,1,0,0,1,0,1,0,0,1,1,0,1,1,0,1,1,0,1,1,1,1,0,0,1,0,1,0,1,1,0,0,1,0,0,1,1,1,1,1,0,1,1,0,1,0,1,0,0
5402612,v33e3W,f82724,v33e3W@5402612.com,1,1,0,0,1,0,0,1,1,0,0,1,0,1,0,1,1,0,1,0,1,1,0,1,1,0,0,0,1,1,0,0,1,1,0,0,0,1,0,0,0,0,0,0,0,0,0,0,1,0
8484445,p0j7QF,f713w1,p0j7QF@8484445.com,0,0,1,0,1,0,0,0,1,1,0,0,0,0,0,1,0,0,0,0,0,0,1,0,1,1,0,1,1,1,1,1,0,1,0,1,1,1,1,0,0,0,0,0,0,0,0,1,0,1
1134216,ii0F54,iv7630,ii0F54@1134216.com,0,0,1,0,1,0,0,0,1,0,1,0,0,1,1,1,0,0,1,0,1,0,0,0,0,0,0,0,1,0,0,0,0,0,0,1,0,0,0,1,0,1,1,1,1,0,1,0,1,1
3899773,c7UH2U,3Xt1rw,c7UH2U@3899773.com,0,1,0,1,0,0,0,1,0,1,0,1,0,1,1,0,1,1,0,1,1,1,1,0,0,0,1,1,1,1,0,0,1,0,0,1,1,0,1,1,0,1,1,1,1,0,0,1,0,1
6298283,2Y21i8,33aFDx,2Y21i8@6298283.com,1,1,0,0,0,1,1,1,0,1,1,0,1,0,0,0,1,1,1,0,1,1,1,0,0,0,0,0,0,0,1,1,1,1,0,0,1,0,1,0,0,0,0,1,1,1,1,1,1,1
9022475,Cf67ex,10353K,Cf67ex@9022475.com,0,0,0,0,0,1,1,1,1,1,0,1,0,1,0,1,1,0,0,1,0,0,0,0,0,0,0,0,1,0,0,1,1,1,0,1,1,1,0,1,1,1,0,0,1,1,0,0,1,1
2298707,IxN3wq,245607,IxN3wq@2298707.com,1,0,1,0,1,1,0,0,0,1,1,1,0,0,0,1,1,0,1,1,1,1,0,0,0,1,0,1,1,1,1,0,0,0,1,0,0,1,0,1,0,0,0,0,1,0,1,1,0,0
7195975,R26E0J,F62AP2,R26E0J@7195975.com,1,0,0,1,1,1,0,1,0,0,0,1,1,0,0,0,0,0,1,0,0,1,0,0,1,1,1,1,0,0,1,0,1,1,1,1,0,0,1,0,1,0,0,0,1,0,1,0,1,1
8071012,64yd1u,7y71MS,64yd1u@8071012.com,0,0,0,1,0,0,1,0,0,1,1,1,1,1,1,0,1,1,1,1,1,0,1,0,0,1,1,1,0,1,1,1,1,1,1,1,1,1,1,0,1,1,1,0,1,1,1,0,1,0
8807764,tK1am5,538N02,tK1am5@8807764.com,0,0,0,0,0,1,0,0,1,0,1,1,0,1,0,1,1,1,1,1,0,0,0,0,0,0,1,1,0,0,0,1,1,0,1,0,0,0,1,1,0,1,0,0,1,0,1,0,0,1
3614020,68hb0A,ihEoJM,68hb0A@3614020.com,1,0,1,0,1,1,1,0,0,0,1,1,1,0,1,1,0,0,0,1,1,1,1,0,1,0,0,1,0,1,0,0,0,1,0,0,0,1,0,0,0,0,1,1,1,1,0,0,0,0
9890963,2258E4,q8dG34,2258E4@9890963.com,0,0,1,1,0,0,0,0,1,1,0,1,1,0,0,1,1,1,1,1,0,0,1,1,0,0,1,1,1,0,0,1,0,1,1,0,0,0,0,0,1,1,1,0,1,0,0,0,0,0
6219664,23yPB0,u08II0,23yPB0@6219664.com,0,0,1,0,1,1,0,0,0,0,1,0,1,0,1,1,1,0,0,0,0,0,0,1,0,0,1,0,0,1,1,1,0,1,1,0,1,1,0,0,1,0,0,0,0,1,1,0,0,0
5986001,3h4Aa5,sVgV7v,3h4Aa5@5986001.com,0,0,0,1,1,0,0,1,0,0,0,1,0,0,1,0,1,0,0,0,0,0,1,0,1,0,1,0,0,1,1,0,1,1,0,1,0,1,0,1,0,1,0,0,0,0,0,1,1,1
2671534,e6SfEV,Bv3tyu,e6SfEV@2671534.com,0,1,1,1,0,0,0,0,0,1,0,1,0,0,1,0,0,0,0,1,0,0,1,1,1,0,0,1,1,1,0,1,1,1,1,1,1,1,1,1,1,0,0,1,0,0,0,0,1,0
2484887,Kvx4R6,8s73Nx,Kvx4R6@2484887.com,1,0,0,0,0,0,0,1,1,1,0,1,0,1,0,1,0,1,1,1,1,1,0,1,1,1,0,1,0,1,1,0,0,0,1,1,0,0,1,1,0,0,0,0,0,1,1,0,1,0
8050488,542u7Q,H3p3m2,542u7Q@8050488.com,0,1,1,0,0,0,0,0,1,0,0,0,1,0,1,0,0,0,0,0,0,0,0,1,0,0,1,0,0,0,1,0,0,1,0,0,1,0,1,1,0,1,1,1,0,1,1,0,0,0
5695379,SOh24Y,14M8Li,SOh24Y@5695379.com,0,0,1,0,0,0,1,0,0,0,1,1,1,0,0,0,0,1,1,1,0,1,1,1,0,1,1,0,1,0,0,0,0,1,1,0,0,0,1,0,0,0,1,0,0,1,1,0,1,0
9335460,087R84,85l48f,087R84@9335460.com,1,0,1,1,1,1,0,1,0,0,1,0,0,0,1,0,0,0,1,1,0,1,0,0,1,0,0,0,1,0,1,0,1,0,0,1,1,0,1,1,0,0,1,1,0,0,1,1,1,0
1275723,e66OK4,P480NQ,e66OK4@1275723.com,1,1,0,1,0,1,0,1,1,0,0,1,0,0,1,1,0,0,0,1,0,1,0,1,1,1,0,1,1,0,1,1,1,1,0,1,0,0,1,0,0,1,0,0,1,1,0,1,0,0
5743616,74674g,1B77D6,74674g@5743616.com,0,1,1,1,0,0,0,0,0,1,1,0,0,1,0,0,1,1,0,1,0,0,1,1,1,0,0,1,0,1,0,1,1,0,1,1,0,0,1,0,1,0,1,1,0,1,1,0,0,1
97318,0O3sN2,0d12UY,0O3sN2@97318.com,1,0,0,1,0,1,0,1,1,0,0,0,0,1,1,1,0,1,0,1,0,1,0,1,1,1,1,1,1,0,1,0,1,0,1,1,1,0,0,1,1,1,0,0,1,1,1,1,0,1
1496132,515k7r,3Oeqh5,515k7r@1496132.com,0,1,0,1,1,1,0,1,0,1,1,1,1,1,0,0,1,1,0,1,0,0,1,0,1,1,1,0,0,0,1,0,1,1,0,1,0,1,0,0,1,1,0,0,1,1,1,0,1,1
1433975,77O26F,66S7W1,77O26F@1433975.com,0,1,0,0,1,0,0,0,0,1,1,1,1,0,1,0,0,0,0,0,0,1,0,1,1,0,0,0,1,1,0,1,0,0,0,1,0,1,1,0,1,1,0,1,0,1,1,1,1,0
6192718,7r3rJ0,n8x6T0,7r3rJ0@6192718.com,1,1,1,0,0,0,1,0,1,1,0,1,1,0,1,0,0,0,1,0,1,1,1,1,0,1,0,0,0,0,1,0,1,1,0,0,1,1,1,0,1,0,1,0,1,1,0,0,1,0
4861895,0eL0N0,1yJ7J1,0eL0N0@4861895.com,1,0,0,1,0,1,1,0,0,0,1,0,0,1,1,1,0,1,1,1,0,0,0,1,1,1,1,1,1,1,0,0,1,0,1,1,0,0,1,1,0,1,0,1,1,1,1,1,0,1
3416033,J14O5i,ByAWC7,J14O5i@3416033.com,0,0,0,0,1,1,0,1,0,1,1,1,1,1,0,0,0,1,0,0,0,1,1,0,0,0,1,0,1,1,1,1,0,1,1,0,1,0,0,1,0,1,1,1,1,0,0,1,1,0
4233650,514rWq,KyDf52,514rWq@4233650.com,0,0,0,0,1,1,1,0,0,1,0,1,0,0,1,0,1,1,1,0,0,0,0,0,1,0,0,0,1,0,1,1,1,0,1,1,0,1,0,1,0,0,0,0,1,1,0,1,1,0
7520904,Q3o82u,Xfx6aY,Q3o82u@7520904.com,1,1,0,0,0,0,0,1,1,0,0,0,0,0,1,0,1,1,0,1,1,0,0,1,1,1,0,1,0,0,0,0,1,0,1,1,1,1,0,1,0,0,0,0,0,1,1,0,0,1
8463611,6722kr,Evqvnf,6722kr@8463611.com,1,0,1,1,0,1,0,1,0,1,0,0,1,0,0,1,1,1,0,1,0,1,1,0,1,1,1,0,1,0,0,0,0,1,0,0,1,0,1,1,1,1,1,1,0,0,0,0,0,1
8158515,Vs7h00,O4N4F2,Vs7h00@8158515.com,0,0,1,0,0,0,0,0,0,0,0,0,0,0,1,0,0,0,1,1,1,0,0,0,1,1,1,0,0,0,0,0,0,0,1,1,0,0,1,1,0,0,0,1,1,0,1,1,0,0
9900162,U3p842,037167,U3p842@9900162.com,0,0,1,1,0,0,0,1,0,1,1,1,0,0,0,1,0,0,0,0,0,0,1,0,1,1,0,0,1,0,0,1,0,1,0,0,0,0,0,0,0,1,0,0,0,1,1,1,1,1
6077890,3U3RfW,pl3N68,3U3RfW@6077890.com,1,1,1,1,1,0,0,1,1,0,0,0,0,1,0,0,0,1,1,1,1,1,1,0,0,1,1,0,0,1,0,1,0,0,1,1,1,1,1,0,0,0,1,0,0,1,1,0,1,1
7654140,f22k41,sl08Na,f22k41@7654140.com,1,0,0,0,0,1,0,0,1,1,1,0,0,0,1,0,0,1,1,0,1,1,1,0,1,0,0,1,1,1,1,1,1,1,0,1,1,1,1,0,1,0,0,0,0,1,1,1,0,1
6021387,u6a15l,g7qb7g,u6a15l@6021387.com,1,1,0,1,1,0,0,0,0,0,0,0,1,0,0,0,0,1,0,0,1,0,1,1,1,0,0,0,0,1,1,0,0,0,1,0,1,1,0,0,1,1,1,0,1,0,0,0,1,0
8836262,wM2778,E2mA4R,wM2778@8836262.com,0,1,0,1,0,1,0,0,1,0,0,1,0,1,0,1,1,1,0,0,1,0,0,1,0,0,1,1,1,0,0,0,0,0,1,0,0,0,0,1,1,0,1,0,0,0,0,0,0,1
7059016,63I358,1sX7Jw,63I358@7059016.com,0,1,1,1,1,1,0,0,0,0,1,1,0,0,1,1,0,1,1,0,1,1,1,1,0,1,0,1,0,0,0,0,0,0,0,1,1,0,0,1,1,1,0,1,0,0,0,1,0,1
3713431,1Rhr10,b25v8K,1Rhr10@3713431.com,1,0,1,1,1,1,1,0,0,1,0,1,0,0,1,1,0,1,1,1,1,1,1,0,1,0,1,0,0,1,0,0,0,0,0,1,0,1,1,1,0,0,0,0,0,1,1,1,0,0
5834749,kjJe7O,Ie8Qpu,kjJe7O@5834749.com,1,1,0,0,0,0,0,1,0,1,1,0,1,0,1,0,1,0,0,0,0,0,1,0,0,0,0,0,0,1,0,0,0,0,0,0,0,1,0,0,1,1,1,1,0,0,0,0,0,0
5342713,433Ka5,w01M0d,433Ka5@5342713.com,1,1,0,1,0,1,1,0,1,0,0,0,0,1,1,0,1,1,0,1,1,0,0,0,0,0,0,1,1,1,1,0,0,1,1,1,0,1,1,0,1,0,1,1,0,1,0,1,1,0
9175126,i404ON,Iu3Tsi,i404ON@9175126.com,1,1,1,1,0,1,0,0,0,0,1,0,0,1,1,0,1,0,1,0,1,1,1,0,1,0,1,0,1,1,1,0,0,1,0,0,0,0,0,1,1,1,0,1,0,0,0,0,1,0
4082999,06gWL0,A677Bb,06gWL0@4082999.com,1,1,1,1,0,1,0,1,1,0,0,0,0,1,0,0,1,1,1,1,0,1,1,1,1,1,1,0,1,1,0,1,0,0,1,0,1,1,0,1,1,1,1,0,1,1,0,0,0,1
8253266,06CbWT,v24Nx4,06CbWT@8253266.com,1,1,1,0,0,0,0,1,1,0,0,0,0,1,0,0,1,0,1,1,1,0,1,1,0,0,1,0,1,1,0,0,1,0,0,0,0,0,1,1,1,0,1,0,1,1,1,1,1,0
7319789,3vg4hQ,6B03Y5,3vg4hQ@7319789.com,0,0,1,1,1,0,0,1,1,0,0,0,1,0,1,1,1,1,1,0,1,0,1,0,0,1,0,0,1,1,1,1,1,1,1,0,0,0,0,0,1,0,0,1,1,1,0,1,1,0
914401,J3A673,y38f8u,J3A673@914401.com,1,1,0,1,1,0,0,0,1,1,0,0,1,1,0,1,1,1,1,0,0,1,0,1,0,0,1,0,1,0,1,0,0,0,1,1,1,0,0,1,1,1,0,0,1,0,1,1,1,1
2722382,t1W4WX,0eLh68,t1W4WX@2722382.com,0,1,0,0,0,1,0,0,1,0,0,1,1,1,1,0,1,0,1,0,0,1,0,0,0,0,0,0,1,0,0,0,0,1,0,1,0,0,0,1,1,0,1,0,1,1,1,0,0,0
1042243,hc51l7,u87l6b,hc51l7@1042243.com,1,1,0,0,0,0,0,0,1,1,1,0,0,1,0,1,0,0,0,0,0,0,1,1,1,1,1,1,0,1,0,1,1,1,0,1,1,0,1,0,1,1,0,0,1,0,0,1,0,0
9575276,1s5e81,56008o,1s5e81@9575276.com,0,1,1,1,0,0,0,0,0,0,1,1,1,1,1,0,1,0,1,1,0,1,1,1,0,1,1,1,0,0,0,1,1,1,0,0,1,0,0,1,1,0,1,1,0,0,0,1,1,0
7591800,6eSy36,1I2M57,6eSy36@7591800.com,1,0,0,0,1,0,0,0,0,1,1,0,1,0,0,0,0,0,1,0,0,0,1,0,0,1,0,0,0,0,0,1,1,0,0,0,1,0,0,1,1,1,1,1,1,1,1,1,1,1
8246965,8v82BK,oC36CV,8v82BK@8246965.com,1,0,0,0,0,0,1,0,1,1,1,1,0,1,0,1,0,1,0,0,0,0,1,0,0,0,0,0,0,1,0,1,0,0,0,0,1,0,1,1,1,0,0,0,0,0,0,1,0,0
5393580,28M11Q,M47MQ8,28M11Q@5393580.com,1,1,0,1,0,1,0,0,0,0,0,1,1,1,0,0,1,0,0,1,1,1,0,0,1,1,1,0,1,1,0,0,0,1,0,1,0,1,1,0,0,0,1,0,1,0,0,1,1,0
7076559,6W4030,G610n3,6W4030@7076559.com,1,0,0,0,1,0,1,0,1,0,1,0,0,0,1,1,1,1,0,0,1,0,1,1,1,0,0,1,1,1,0,1,0,0,1,0,0,0,0,0,1,0,1,1,0,0,1,0,0,1
3289117,DF4Cw0,6b24RX,DF4Cw0@3289117.com,0,1,0,0,1,0,0,1,1,1,1,0,0,1,0,1,1,1,0,1,0,1,0,1,0,1,1,0,1,1,1,0,0,0,1,1,1,1,1,1,0,0,1,1,1,1,0,1,0,1
4116282,868k2j,PSfa66,868k2j@4116282.com,0,0,1,1,0,0,1,1,1,0,0,0,0,1,1,1,0,1,1,0,0,1,0,0,0,0,0,0,0,0,1,1,1,1,0,1,1,1,1,1,0,1,1,1,1,1,1,0,0,0
7470089,L36d01,f3l6C3,L36d01@7470089.com,1,0,1,1,1,1,0,1,0,0,1,0,0,0,1,0,0,1,1,1,1,0,0,0,1,0,1,0,0,0,1,1,0,0,1,0,0,0,0,0,0,1,1,0,1,0,0,1,0,1
8204146,620DIj,I8p3q5,620DIj@8204146.com,0,1,0,1,0,0,1,0,1,0,1,1,1,0,1,1,1,1,0,1,0,0,1,0,0,0,0,1,0,1,1,0,1,1,1,1,0,1,1,0,0,0,0,0,1,1,1,1,0,1
5026643,5M38u1,85dG66,5M38u1@5026643.com,1,0,1,1,1,0,1,1,0,1,0,1,1,1,0,1,1,1,1,1,1,1,1,0,1,1,1,1,1,1,0,0,1,0,0,0,1,0,1,0,0,0,1,0,0,0,1,1,0,1
9204583,a6358g,37qq18,a6358g@9204583.com,1,0,1,0,0,0,1,1,1,0,0,0,1,0,0,1,0,1,0,1,1,1,0,0,1,1,1,1,0,0,1,0,1,1,1,1,1,0,1,0,0,1,1,1,1,1,0,1,0,1
6017825,55YH2l,0guR6q,55YH2l@6017825.com,0,1,0,0,0,0,1,0,0,0,0,0,1,1,1,1,0,0,0,1,0,1,0,1,0,1,0,1,0,0,0,1,1,0,1,1,0,0,1,1,1,1,1,1,1,1,0,1,1,1
2643878,344w75,44i6nd,344w75@2643878.com,0,0,1,1,0,1,1,1,1,1,1,1,1,1,0,0,0,0,0,0,1,1,0,0,0,1,0,1,1,0,0,1,0,0,0,0,0,0,0,1,1,0,1,0,1,1,0,0,1,1
1646837,013V48,6j222S,013V48@1646837.com,0,1,1,1,1,0,0,1,0,1,0,0,0,0,1,1,0,1,0,0,0,1,0,1,0,0,0,0,1,0,0,1,1,1,0,1,1,1,1,1,1,0,0,1,1,0,0,1,1,1
5432427,8X20K1,15J340,8X20K1@5432427.com,1,1,1,0,1,1,1,0,1,1,1,1,1,1,0,0,1,0,1,0,1,0,0,1,0,1,0,1,1,1,1,0,1,0,0,0,0,1,1,0,0,0,1,0,1,1,1,1,1,0
9887111,gFd4p4,7Y80h4,gFd4p4@9887111.com,0,0,1,0,1,1,0,0,0,0,0,1,1,0,0,0,0,1,0,1,0,1,0,0,1,1,0,1,1,0,0,0,0,0,0,0,0,0,1,1,1,0,1,0,0,1,1,1,0,1
3686796,Qfx8bE,i4c473,Qfx8bE@3686796.com,0,0,0,0,1,0,1,1,0,0,0,0,0,1,0,1,0,0,0,1,1,1,1,0,0,0,1,1,0,0,0,0,1,1,1,1,0,0,1,0,0,1,1,1,1,1,0,1,0,1
6849800,8SFaR4,6p83Hq,8SFaR4@6849800.com,0,0,1,1,0,0,1,0,0,1,0,0,1,0,0,1,1,0,0,0,1,0,0,0,0,1,0,0,1,1,1,1,1,0,0,0,0,1,0,0,0,1,0,1,0,1,1,1,1,0
1903395,1200Pi,8vI20a,1200Pi@1903395.com,0,0,1,0,0,1,0,1,0,0,1,1,0,1,1,1,1,0,0,0,0,1,1,0,0,0,0,1,1,1,1,1,1,0,0,1,0,1,1,0,1,0,1,1,0,1,0,0,0,0
3630977,581t52,0WDrHY,581t52@3630977.com,1,0,1,1,0,1,1,1,0,1,1,0,0,0,1,1,1,0,1,1,1,1,0,1,0,0,0,0,0,1,1,0,1,0,1,1,0,0,1,0,0,0,1,0,0,1,1,0,1,1
3169937,pRh73T,0Ch643,pRh73T@3169937.com,0,1,0,0,0,1,1,1,1,0,1,0,0,0,1,1,0,0,1,0,1,0,0,1,0,0,0,0,1,0,1,1,0,1,1,0,0,0,1,1,1,0,1,1,0,0,0,0,0,0
7098343,G1l052,f4R480,G1l052@7098343.com,1,0,0,1,1,1,1,0,1,0,1,1,0,0,1,0,1,1,1,1,1,1,0,0,0,1,1,0,1,1,0,0,0,0,1,1,1,1,0,1,1,1,1,1,1,1,0,0,0,1
479634,I7klVD,302061,I7klVD@479634.com,0,0,1,1,1,1,0,0,1,1,0,1,0,1,1,0,1,0,1,0,0,0,0,0,1,0,0,0,0,1,0,1,1,1,1,0,0,1,1,1,1,1,1,0,1,1,1,1,1,0
1731243,cNbM15,4p4o37,cNbM15@1731243.com,1,1,0,0,1,1,0,0,1,1,0,0,1,1,1,1,1,1,1,1,0,0,1,0,0,0,0,1,1,1,1,0,1,0,1,0,0,0,1,0,1,1,1,0,1,1,0,0,0,0
3252190,P0nX5C,gTneGH,P0nX5C@3252190.com,1,1,1,0,1,0,1,1,0,1,1,1,1,1,1,1,1,1,0,0,0,1,0,1,1,1,0,0,1,0,0,0,0,0,1,1,1,0,1,1,1,0,1,1,0,0,1,1,0,1
5250986,132x21,bc05M4,132x21@5250986.com,0,1,1,0,0,1,1,1,0,1,0,1,1,0,0,0,1,0,1,0,1,1,0,0,0,0,1,0,1,0,1,1,1,0,0,0,0,0,0,0,1,1,1,0,1,0,1,1,1,1
3211383,t6T5cp,KA33N2,t6T5cp@3211383.com,1,1,0,0,1,0,0,1,0,0,1,0,1,0,0,0,1,1,1,0,1,1,1,1,1,1,0,0,0,1,1,0,1,0,0,1,0,1,0,0,0,1,0,1,0,0,0,1,1,0
7322477,278200,mY8507,278200@7322477.com,0,1,1,1,1,1,0,1,1,0,1,0,0,1,1,0,0,0,0,0,0,1,0,1,1,1,0,0,1,1,1,0,0,1,1,1,1,0,1,1,0,1,1,0,0,1,0,1,1,0
3497588,7e007v,2lxkPk,7e007v@3497588.com,0,0,1,0,0,0,0,0,1,1,0,0,0,1,1,0,0,1,1,1,0,0,1,0,0,1,1,0,1,1,1,0,1,0,0,0,1,1,1,0,1,1,0,0,1,1,0,0,1,1
4290126,52775i,r2xaxH,52775i@4290126.com,0,0,1,1,1,1,0,0,1,1,1,1,1,1,0,1,0,1,1,0,0,1,1,0,1,0,0,1,0,1,0,0,0,0,0,1,0,1,1,1,0,1,1,1,1,0,1,0,1,0
2915717,8061hT,0k8qKJ,8061hT@2915717.com,1,0,0,0,1,1,1,1,0,1,1,0,0,1,0,0,1,1,0,1,1,0,0,0,1,0,1,1,0,1,0,0,0,0,0,0,0,0,0,0,1,0,1,0,1,0,1,1,0,1
2280723,608DSd,Yyeubl,608DSd@2280723.com,1,1,1,1,1,1,0,1,0,1,1,0,0,0,1,1,1,1,0,0,1,1,0,1,0,1,0,0,0,0,0,1,1,1,1,0,0,1,0,0,0,0,1,1,1,0,0,0,1,0
9018715,287Sax,63d3G4,287Sax@9018715.com,0,0,0,0,0,0,0,0,0,0,1,1,0,1,0,1,0,0,1,0,1,1,0,0,1,0,1,1,0,0,0,0,1,1,1,1,0,0,1,1,0,1,0,1,1,0,1,1,0,0
9399934,S7p152,2P6F35,S7p152@9399934.com,0,0,1,0,1,0,1,0,1,0,0,1,1,1,0,0,1,1,0,0,0,0,0,1,0,0,1,1,0,1,0,0,0,1,0,1,1,0,1,1,0,0,0,1,0,1,0,0,0,0
5803317,Cj4TY7,22136b,Cj4TY7@5803317.com,1,1,0,1,1,1,1,0,0,0,1,1,1,0,1,0,1,1,1,0,1,0,0,0,0,0,1,0,0,1,1,1,0,0,0,1,0,0,0,0,0,0,1,1,1,1,0,0,1,0
5607585,w25305,6XSr5G,w25305@5607585.com,0,1,0,1,0,0,0,1,1,0,1,0,0,0,0,1,1,0,0,0,1,0,1,1,0,1,1,0,0,0,0,1,0,0,1,0,0,0,0,1,1,1,0,0,1,0,0,1,0,0
4404615,g6756N,t0vu2w,g6756N@4404615.com,0,1,0,0,1,1,0,1,1,0,0,1,1,1,1,0,1,1,1,1,0,0,1,0,0,1,0,0,1,1,0,1,0,1,1,1,0,0,0,0,1,0,1,0,1,0,1,0,0,0
5250407,P3On7U,mI710x,P3On7U@5250407.com,0,0,0,1,1,0,1,1,0,1,1,0,1,1,1,1,1,1,0,1,0,0,1,1,0,0,0,1,0,0,0,1,1,1,0,1,1,1,1,1,0,1,0,0,0,0,1,1,0,1
2020648,E8kHDL,58M21d,E8kHDL@2020648.com,0,1,0,1,1,0,1,0,1,1,1,0,0,1,0,1,1,1,0,1,0,1,0,0,1,0,1,0,0,0,1,1,1,1,1,0,0,1,1,1,1,0,1,1,0,0,1,0,0,0
6011194,286H26,73Q8o0,286H26@6011194.com,0,1,0,1,0,1,1,0,0,1,0,1,1,0,0,0,0,1,0,1,0,1,1,1,1,0,1,1,0,0,1,1,1,0,0,0,0,0,1,1,1,1,1,1,1,1,0,0,1,0
241586,1o7062,r8683X,1o7062@241586.com,0,0,0,0,0,0,0,0,1,1,1,1,1,0,0,1,0,0,0,0,1,1,1,1,0,1,0,0,0,1,1,0,0,0,0,0,1,1,0,1,0,1,1,1,1,1,0,1,0,1
2135082,434R51,638N6m,434R51@2135082.com,1,1,1,0,1,0,0,1,1,1,1,1,0,0,1,1,1,0,1,1,0,1,0,1,1,0,1,0,1,1,1,1,1,1,1,0,1,1,1,1,1,1,1,0,1,0,0,1,0,1
9546689,ni310j,v07iim,ni310j@9546689.com,0,0,0,0,1,1,1,1,0,0,1,1,0,1,0,0,0,1,0,1,1,0,1,0,1,0,0,0,0,0,1,1,1,0,1,0,0,1,1,1,0,1,1,0,0,1,1,0,0,0
3007723,i7K1ws,6026l7,i7K1ws@3007723.com,0,0,1,0,1,1,0,1,0,1,1,0,1,0,0,0,0,0,1,0,1,0,1,1,1,1,1,1,0,0,0,0,1,1,1,0,1,0,0,0,1,0,0,1,1,0,1,1,0,1
8826015,0kH24n,jj7da8,0kH24n@8826015.com,0,1,0,1,0,1,1,1,0,0,1,0,1,0,1,1,1,1,1,1,1,0,1,1,1,1,1,0,1,1,1,0,0,1,0,1,0,0,0,1,0,1,0,1,0,1,0,0,0,1
9963171,3c5FeG,0nrYf8,3c5FeG@9963171.com,0,0,0,0,0,1,0,0,1,0,1,1,1,0,0,1,0,0,0,1,1,1,1,1,0,0,1,1,0,1,0,1,1,0,1,0,0,1,0,1,0,0,1,1,0,1,0,0,0,1
8593313,5hTmh4,UX3r4K,5hTmh4@8593313.com,0,0,0,1,1,0,0,0,0,0,1,0,0,0,1,0,1,0,0,1,1,1,1,0,1,0,0,0,1,1,0,0,0,0,1,1,1,0,1,1,0,0,0,1,1,1,0,1,1,0
7009227,7sx6nK,6iAjE7,7sx6nK@7009227.com,1,1,0,0,1,1,0,0,1,0,0,0,0,0,0,1,1,1,0,0,1,1,1,1,1,1,0,0,1,1,1,1,1,0,1,0,1,0,0,0,1,1,0,0,1,0,1,1,1,1
7914381,44c6y4,6V48mU,44c6y4@7914381.com,1,1,0,0,1,1,0,1,1,1,0,1,0,0,1,0,1,1,1,1,0,0,1,1,1,1,0,0,1,1,1,0,1,1,0,1,1,1,1,0,1,1,0,0,0,1,1,1,0,0
490605,fY7O4D,6rV2su,fY7O4D@490605.com,0,1,0,1,0,1,1,1,0,0,1,0,1,1,0,0,1,1,0,1,0,0,1,1,1,0,1,1,0,1,0,0,0,1,0,1,1,1,0,0,1,1,0,1,0,0,1,0,1,0
9407548,07R0g3,dV6m5g,07R0g3@9407548.com,0,1,0,1,1,1,0,1,0,1,1,1,0,0,0,0,1,1,1,0,1,1,0,1,0,0,0,0,0,1,0,1,0,0,1,0,1,1,0,1,0,1,0,1,0,0,0,0,0,0
6395893,A8r54T,1U27X4,A8r54T@6395893.com,0,1,1,0,1,0,0,0,0,0,1,0,1,1,0,1,1,0,1,1,0,1,1,0,0,1,1,0,1,1,0,1,1,0,0,1,0,0,0,1,1,1,1,0,0,0,0,0,0,0
7523415,007N5T,41Bq48,007N5T@7523415.com,0,0,1,1,1,0,1,0,0,0,0,0,0,1,1,0,0,0,1,1,1,1,1,0,1,1,1,1,1,1,1,0,1,1,1,0,0,1,1,0,1,0,0,0,1,1,1,0,0,1
704314,77266O,4U1726,77266O@704314.com,1,1,1,0,0,1,1,1,0,0,0,0,0,1,0,0,0,1,1,1,1,1,0,1,1,1,1,0,1,1,1,1,1,1,0,0,1,0,1,1,1,0,0,1,1,1,0,1,0,0
1571324,fT3I8l,3k7My7,fT3I8l@1571324.com,0,1,0,0,1,1,1,0,1,1,1,1,0,1,0,0,0,0,0,0,0,0,1,1,0,1,0,1,1,0,1,0,1,0,0,0,1,0,1,1,0,1,1,0,1,0,0,0,0,1
5428776,8q441D,gHhK6c,8q441D@5428776.com,0,0,1,1,0,1,0,0,0,1,0,1,1,1,1,1,1,1,1,1,1,1,0,0,1,1,0,0,1,1,0,0,0,1,1,1,0,0,0,1,1,1,0,1,1,1,1,1,0,1
1149300,Ej4q21,FmuIq2,Ej4q21@1149300.com,1,1,1,1,1,1,0,1,1,1,1,1,0,1,1,1,1,0,0,0,0,0,0,0,0,0,1,0,1,0,1,1,0,1,1,1,0,0,1,0,0,1,0,0,1,1,1,0,1,0
4646798,EGV571,r40o6b,EGV571@4646798.com,1,1,0,1,0,0,0,0,0,0,0,1,0,1,0,0,1,1,0,1,1,0,0,1,1,0,0,0,1,0,0,0,0,0,0,1,1,0,0,1,0,1,1,1,1,0,0,1,0,1
3715514,m07b13,04x7WB,m07b13@3715514.com,1,0,0,0,0,1,1,1,0,1,0,0,0,0,0,1,1,1,0,0,1,1,1,1,0,0,0,0,1,0,1,1,0,1,0,0,1,1,1,1,0,0,1,0,1,1,1,1,1,1
8047319,I821nC,375H44,I821nC@8047319.com,0,0,1,1,0,1,1,0,0,0,1,1,0,0,0,1,0,1,1,1,1,0,1,1,1,1,0,1,1,0,1,0,1,1,1,0,0,0,1,0,0,0,0,1,1,0,1,0,0,1
1569419,480s22,5600E1,480s22@1569419.com,1,0,1,1,1,0,1,1,0,1,1,1,1,1,0,1,0,0,0,1,1,1,0,1,0,0,0,0,1,1,0,1,0,0,0,0,0,0,1,0,0,0,1,0,0,1,1,0,0,0
3774078,WXYoEL,K518R4,WXYoEL@3774078.com,1,1,0,0,1,1,0,0,0,1,1,0,0,0,1,1,1,1,0,1,0,0,0,1,1,0,1,1,1,1,1,0,1,1,1,0,1,0,0,1,0,1,0,0,0,1,0,1,0,0
1388472,34kY18,k4Ye1j,34kY18@1388472.com,1,0,0,1,0,1,0,0,1,0,1,0,0,0,0,1,0,0,0,0,0,1,1,0,0,0,1,0,0,1,0,1,0,1,1,1,1,0,0,0,0,1,1,1,0,1,1,0,0,0
548434,vaSvAa,R1fl21,vaSvAa@548434.com,0,0,0,0,0,0,1,0,1,0,1,0,0,1,1,0,1,0,1,0,0,0,0,0,0,0,1,1,0,1,0,1,1,1,1,0,1,1,1,0,0,1,1,1,0,1,0,0,0,0
3066694,y7D823,1Y7227,y7D823@3066694.com,0,0,0,1,0,1,1,0,1,1,1,1,0,1,0,1,0,0,0,1,1,1,0,1,1,1,0,1,0,1,0,0,0,0,0,1,1,0,0,1,1,1,1,1,0,0,0,0,0,0
9614215,T55y7c,5r52H5,T55y7c@9614215.com,0,0,0,1,1,0,0,0,0,1,1,1,1,1,1,0,1,1,0,0,0,0,0,0,1,1,0,0,1,1,0,1,1,0,0,1,1,1,1,1,1,1,1,1,1,0,1,0,0,0
4861064,S2Sq5P,78jK54,S2Sq5P@4861064.com,0,0,0,1,1,1,0,0,1,0,1,0,1,0,0,1,1,1,0,0,0,0,0,0,1,1,1,0,0,0,1,0,1,0,0,1,0,1,1,0,1,1,0,1,0,0,1,1,1,1
4595045,d50i1L,57G1Hs,d50i1L@4595045.com,1,1,1,1,1,1,0,1,0,1,1,0,1,1,1,0,1,0,1,0,0,0,1,0,1,0,1,0,1,0,1,0,0,0,1,0,0,1,1,0,0,1,1,0,1,1,0,1,0,0
7370168,0010vc,4O2B1T,0010vc@7370168.com,0,1,1,0,0,1,1,1,0,1,0,1,1,1,0,0,0,0,1,1,1,1,0,1,1,1,0,1,1,1,1,0,0,0,1,1,1,1,1,0,0,0,1,1,0,0,0,1,0,0
8251394,kDMR66,p8WT0e,kDMR66@8251394.com,1,0,1,1,0,1,1,0,0,1,1,1,0,0,1,1,0,1,1,1,1,0,0,0,1,0,0,1,0,0,1,0,0,0,1,1,1,1,1,1,1,1,1,0,1,1,0,0,1,0
9435775,47Kh78,4T7127,47Kh78@9435775.com,1,0,0,1,0,0,1,1,1,0,1,1,1,1,1,1,1,1,0,1,0,0,0,0,0,0,0,1,0,1,0,0,0,1,0,0,0,1,0,1,1,0,1,0,0,0,0,0,0,0
4814317,LP2W8O,bQ77u7,LP2W8O@4814317.com,1,0,1,1,0,0,1,0,1,0,1,1,0,1,0,0,0,1,0,1,0,1,0,0,0,1,0,1,0,1,1,1,1,0,0,0,0,1,0,1,1,1,0,0,0,0,1,0,1,1
9236321,W74PdF,0G5A4k,W74PdF@9236321.com,0,0,1,1,0,0,1,0,1,0,0,1,1,1,0,1,1,0,1,0,0,0,0,0,1,0,1,1,0,0,0,1,1,0,1,0,0,0,1,1,0,0,0,0,1,1,0,0,1,1
2916509,24po37,0o1U8R,24po37@2916509.com,1,1,1,0,0,1,1,1,1,1,1,0,0,1,0,0,0,0,0,0,1,0,1,0,1,1,0,0,1,0,0,1,0,0,0,0,1,1,0,0,0,0,0,1,1,1,1,0,1,1
7755312,iN4HW8,752u27,iN4HW8@7755312.com,1,1,0,0,0,1,0,1,1,0,0,0,0,0,1,1,1,1,1,1,0,1,1,1,1,1,1,1,0,0,0,1,1,1,1,1,0,1,1,0,0,1,1,0,0,1,0,0,0,1
2616182,JE5un4,o7V7k0,JE5un4@2616182.com,1,0,0,0,0,0,1,1,1,1,0,0,0,1,1,0,1,0,1,0,1,1,1,0,1,1,1,0,0,1,0,1,0,1,0,1,0,0,1,1,1,1,1,0,0,0,1,1,1,0
7834078,F8Y2V0,3O0788,F8Y2V0@7834078.com,1,0,0,0,0,0,0,0,0,1,1,1,0,1,0,0,1,0,0,0,0,0,1,0,1,1,1,1,1,1,1,0,1,1,1,1,1,0,0,0,1,1,1,0,0,1,0,1,1,1
706984,K2fh2j,AU0J51,K2fh2j@706984.com,1,0,1,1,0,0,0,1,1,0,1,0,1,0,1,0,0,0,0,1,1,1,0,1,0,1,1,0,0,0,0,1,0,0,0,0,1,1,0,1,0,0,1,0,0,0,0,0,1,1
545413,7uKfD3,76F7fU,7uKfD3@545413.com,1,1,1,0,0,0,0,1,1,0,1,1,0,1,1,0,0,1,1,0,0,1,0,1,1,1,0,1,0,1,1,0,0,0,1,1,1,0,1,0,1,1,0,0,1,0,0,0,1,1
4332955,QO2g06,Md6604,QO2g06@4332955.com,0,1,1,0,1,0,1,0,0,1,0,1,1,0,1,1,0,1,0,0,1,0,0,0,1,0,0,1,0,0,0,0,0,0,0,0,1,0,1,0,0,0,1,1,1,1,0,1,1,0
5996941,3m0n4n,B878PS,3m0n4n@5996941.com,0,1,0,0,1,0,1,1,1,1,1,1,0,0,0,1,0,1,1,0,1,1,0,1,0,0,1,1,0,1,0,0,1,1,0,1,1,0,1,1,0,0,1,0,0,1,1,1,0,0
9664886,EF3ir1,40G8M2,EF3ir1@9664886.com,0,1,1,0,1,0,0,1,1,0,0,1,1,1,0,0,0,0,1,0,0,1,1,1,1,1,0,1,0,1,0,1,1,0,1,1,1,0,1,0,1,1,0,0,0,1,1,1,1,0
4525233,jLGv72,0s78Gj,jLGv72@4525233.com,0,1,0,0,0,0,1,1,0,1,1,1,0,1,0,0,1,1,1,0,0,0,0,0,1,0,0,0,0,0,0,0,0,1,1,1,0,1,0,0,0,0,1,1,0,1,1,0,1,1
305343,5MMy5u,V146P4,5MMy5u@305343.com,0,0,0,1,1,1,0,1,0,1,1,1,0,0,1,1,0,1,0,0,1,1,0,0,1,0,0,1,1,0,0,0,0,0,1,1,0,1,1,1,0,1,0,0,1,0,0,1,0,1
8895613,lxPPh0,761518,lxPPh0@8895613.com,1,1,0,0,1,0,1,1,1,1,1,0,1,0,0,0,0,0,1,0,1,1,1,0,1,1,1,1,0,1,1,0,1,0,0,0,0,0,0,0,0,0,0,0,1,1,1,1,0,0
6358718,sOfI3R,0E6e21,sOfI3R@6358718.com,0,0,0,1,1,0,1,0,0,1,1,0,0,0,0,1,1,0,1,1,0,0,1,0,0,1,0,0,1,0,0,0,0,1,0,1,1,0,1,1,0,1,1,0,0,1,1,1,1,1
3870740,4688hJ,140CVM,4688hJ@3870740.com,1,1,1,0,0,0,1,1,0,1,0,1,0,0,0,1,1,0,0,1,0,1,0,1,0,0,0,0,1,1,1,1,0,1,1,1,0,0,0,0,0,1,0,1,0,0,1,0,0,1
6329728,3Dj713,b6NI0R,3Dj713@6329728.com,0,0,0,0,0,0,1,0,1,0,0,0,0,0,0,1,1,0,1,0,0,1,1,0,1,1,1,1,1,0,1,1,0,1,1,0,1,1,1,1,0,0,0,1,1,1,0,0,1,1
2169078,SmO58c,sl1657,SmO58c@2169078.com,1,1,1,0,1,0,0,1,0,0,1,1,1,0,0,0,1,1,0,0,0,1,0,1,0,0,0,0,1,0,1,0,0,0,1,0,1,0,0,1,0,0,0,1,1,0,0,0,1,1
8261399,c8y33K,8u68I1,c8y33K@8261399.com,1,0,1,1,0,1,0,0,0,1,1,0,1,1,0,0,0,1,1,0,0,0,0,0,0,0,1,1,0,0,1,0,0,0,0,0,1,1,0,1,1,0,1,0,0,0,0,0,0,1
4217347,4cd10m,8oiUF8,4cd10m@4217347.com,0,0,1,1,0,1,1,0,0,1,0,1,0,1,1,1,0,0,1,1,1,0,1,1,1,1,1,0,0,1,1,1,0,0,0,0,1,0,0,0,1,0,1,1,0,0,0,0,0,0
6016743,4QvDr3,T45a52,4QvDr3@6016743.com,1,1,0,1,0,0,0,1,0,1,0,1,1,0,1,1,0,1,0,1,1,0,0,0,0,1,1,0,1,1,1,1,0,0,0,1,1,0,1,0,0,1,0,0,1,1,0,0,0,0
6802451,WtPQQ8,7t0uG8,WtPQQ8@6802451.com,0,1,0,0,0,1,0,0,1,0,1,0,0,1,0,1,0,1,0,1,0,1,1,0,1,1,1,1,0,1,0,1,1,0,0,1,0,1,0,1,1,0,1,0,1,1,1,0,0,0
1568245,syj5O1,0k5h55,syj5O1@1568245.com,0,0,0,1,0,1,1,0,1,0,1,1,1,0,1,0,1,1,1,0,1,1,1,0,1,0,1,0,0,1,0,1,0,0,1,0,1,1,0,1,0,0,0,1,0,0,1,1,1,1
3799482,7CL3lw,462D38,7CL3lw@3799482.com,1,1,1,1,0,1,1,1,1,1,0,1,1,1,1,1,0,1,0,0,1,0,0,0,1,0,1,0,1,0,1,0,0,0,1,0,1,0,0,1,0,1,0,0,1,0,1,1,0,1
852429,43VN7H,G3T787,43VN7H@852429.com,1,0,1,0,1,1,0,0,1,1,1,1,1,0,0,0,0,1,1,1,1,1,0,1,1,0,0,0,1,1,1,0,0,0,0,0,0,0,0,1,1,1,0,0,0,1,1,0,0,0
3541516,0CR18C,t0s184,0CR18C@3541516.com,0,0,1,0,0,0,0,0,0,0,0,1,1,1,1,1,1,0,1,1,1,0,1,0,1,0,1,0,1,0,1,1,1,1,0,1,0,0,0,0,1,1,0,1,1,0,0,1,1,1
9765106,3t7mwN,hm5CN4,3t7mwN@9765106.com,1,0,1,1,0,1,0,1,1,1,1,0,0,1,1,0,0,0,0,0,1,0,0,1,0,1,1,0,0,0,1,0,0,0,0,0,1,1,0,1,1,0,1,0,1,1,1,1,0,1
8791358,55j8K2,1N652s,55j8K2@8791358.com,0,1,1,0,0,1,0,0,0,1,1,1,0,1,1,0,1,1,0,0,1,1,0,1,1,1,1,1,0,1,0,1,1,1,1,0,0,0,0,1,1,1,0,0,1,0,1,1,0,0
4235090,65m210,3Je085,65m210@4235090.com,1,0,0,1,1,0,0,0,0,0,1,0,0,1,1,0,0,0,0,0,0,1,1,0,1,1,0,1,1,0,1,0,0,0,0,1,0,0,0,0,0,0,1,0,0,0,1,1,0,0
9057101,2Us0V7,e0qQ1e,2Us0V7@9057101.com,1,1,0,1,0,1,1,1,1,1,0,1,1,1,0,0,0,1,0,1,1,1,1,1,0,1,1,1,0,1,0,0,0,1,1,0,1,1,0,0,0,0,1,1,1,0,1,1,0,0
7509838,6opX21,456353,6opX21@7509838.com,0,0,1,0,1,0,1,1,1,1,1,1,1,1,0,0,0,0,1,0,1,0,1,1,1,1,0,0,1,1,1,1,0,0,0,0,0,0,0,1,0,1,0,1,0,0,1,0,0,1
5995408,57472I,402aiF,57472I@5995408.com,1,0,1,0,1,1,0,1,0,1,0,0,0,1,0,0,1,0,0,1,0,0,1,0,1,1,1,0,1,0,1,1,1,0,0,1,0,0,1,0,1,1,0,0,1,1,0,0,0,0
1536693,64wo6K,l514G1,64wo6K@1536693.com,0,1,0,0,0,1,0,0,0,0,1,1,1,0,1,0,1,0,1,0,1,0,1,0,0,1,0,1,0,1,0,1,1,1,0,0,0,0,0,0,1,1,0,0,1,1,1,1,1,0
8735741,EJHs4T,QnQp41,EJHs4T@8735741.com,0,0,0,0,0,0,0,1,0,1,0,0,0,0,1,0,0,1,1,1,1,0,0,0,1,0,0,1,0,1,1,1,0,0,0,0,0,0,1,1,1,0,1,0,1,1,0,1,1,0
5043797,l2867Q,k2a1cs,l2867Q@5043797.com,0,0,1,0,1,0,1,0,0,0,1,1,1,0,0,1,0,1,0,1,0,1,1,0,0,1,1,0,1,0,0,0,0,1,0,0,0,1,1,1,1,0,0,1,1,1,0,1,0,1
1710308,vA1k2K,2F23wh,vA1k2K@1710308.com,1,1,0,0,1,0,0,1,0,0,1,0,0,0,1,1,0,1,1,1,1,1,0,0,0,1,1,1,0,0,0,1,1,0,1,0,0,0,1,0,0,1,0,0,1,1,1,1,0,0
127335,5m4g5u,6868f1,5m4g5u@127335.com,0,1,1,0,0,1,0,0,0,0,1,0,1,0,0,0,0,0,1,0,0,1,1,0,1,1,1,1,1,1,1,1,0,0,1,1,0,1,1,1,1,1,0,0,0,1,1,0,0,0
8092267,r6g5Y5,v3v1W1,r6g5Y5@8092267.com,0,0,1,0,0,1,1,1,1,1,1,1,1,1,0,1,1,1,0,1,1,0,1,0,1,0,1,0,0,1,0,0,1,0,0,0,1,1,1,0,0,0,0,0,0,1,1,1,1,1
1342726,87LYA3,17ak44,87LYA3@1342726.com,1,1,0,1,0,1,0,1,1,0,0,0,0,1,1,1,0,1,1,0,0,1,0,0,0,1,0,1,1,1,0,1,1,0,0,1,1,0,0,0,0,1,1,0,1,0,0,1,1,0
3217065,2I87kA,i23eTe,2I87kA@3217065.com,0,1,0,0,0,1,0,0,0,1,1,1,0,0,1,0,0,1,0,1,1,1,0,1,1,0,1,1,1,1,1,1,1,1,0,1,1,1,0,0,0,0,1,0,1,1,0,1,1,0
307253,61loBg,h80K30,61loBg@307253.com,0,1,0,1,1,0,1,1,1,0,1,1,0,0,1,1,1,1,0,0,0,1,1,0,0,1,0,1,1,1,0,1,1,1,0,1,1,0,1,0,0,0,1,0,1,0,1,1,1,1
6456939,82R26k,CV3iCU,82R26k@6456939.com,1,0,0,1,0,1,1,1,1,0,0,1,1,0,1,1,1,1,1,1,0,0,1,1,0,1,1,1,1,0,0,1,1,1,0,0,0,1,1,0,0,0,1,0,1,1,1,1,0,0
8135551,e8yOo6,hNO2RO,e8yOo6@8135551.com,0,1,0,0,1,0,1,0,0,1,0,0,0,0,1,1,1,1,0,0,0,0,1,0,0,1,1,1,0,1,0,0,1,0,1,0,1,0,0,0,0,0,0,0,0,1,0,1,1,0
7911202,AJ1qHa,XdBB03,AJ1qHa@7911202.com,0,1,1,1,1,1,1,0,1,1,0,0,0,0,0,1,1,0,1,0,1,1,0,1,0,1,0,0,0,1,0,1,0,1,0,0,1,1,0,1,1,1,0,0,0,0,1,1,1,1
4521271,i76asP,G25p0k,i76asP@4521271.com,1,1,0,0,0,0,1,0,1,0,0,0,1,1,1,1,0,1,1,0,0,1,0,1,0,0,1,1,1,0,1,1,1,1,1,1,0,1,0,0,1,1,1,0,0,0,1,1,1,0
6900667,n54d8m,300xq4,n54d8m@6900667.com,1,0,1,0,1,1,0,0,1,0,0,0,1,1,1,0,1,0,1,1,0,1,1,1,0,1,1,1,1,0,1,0,1,1,0,1,1,0,0,1,1,1,1,0,0,1,1,0,1,0
4861187,evk452,UixH5y,evk452@4861187.com,0,0,1,1,1,0,0,1,1,1,1,0,1,1,0,0,1,1,0,0,0,1,0,0,1,0,1,0,0,0,0,0,1,1,0,0,0,0,1,0,0,1,0,1,0,1,1,0,0,1
520144,16P02v,GKu6en,16P02v@520144.com,0,0,0,0,0,1,0,1,0,0,1,0,0,0,0,1,1,1,0,1,0,0,1,1,1,1,1,0,1,0,0,1,0,0,0,1,1,0,0,1,0,1,0,0,0,0,0,0,0,0
6550631,1575BX,5H14yB,1575BX@6550631.com,1,1,0,0,0,1,1,0,1,1,1,0,1,0,0,1,1,1,0,0,1,0,1,1,1,1,0,0,0,0,0,1,0,0,1,1,1,1,0,0,0,1,0,0,0,1,0,1,0,1
9124917,357kA1,P03581,357kA1@9124917.com,0,1,1,1,1,0,1,0,0,1,0,0,1,1,1,0,1,1,1,1,1,1,1,0,1,1,0,0,0,1,1,1,1,0,0,1,1,0,1,0,0,1,0,1,1,1,1,0,0,0
5266784,tsrl63,24O60Y,tsrl63@5266784.com,1,1,1,1,1,0,1,0,0,1,1,1,1,1,1,0,1,0,1,1,1,1,1,1,1,0,0,1,1,1,0,1,0,0,1,1,1,0,0,0,1,0,0,0,0,0,1,1,0,1
3852446,0L7275,K8a873,0L7275@3852446.com,1,0,0,0,1,1,1,0,0,1,0,1,1,0,1,1,1,1,0,0,0,0,1,0,1,1,1,1,0,1,1,0,1,0,0,0,0,0,0,0,0,0,1,0,1,1,1,1,0,1
3740087,62734A,lXp0qg,62734A@3740087.com,0,0,1,0,0,0,0,0,1,0,1,1,0,0,0,0,1,0,0,0,0,1,0,0,0,1,0,0,1,0,0,1,0,1,0,1,1,1,1,1,0,0,0,0,1,0,0,0,0,1
5069971,tr4An1,v2r801,tr4An1@5069971.com,0,1,0,1,0,0,0,0,0,1,1,0,0,0,1,0,0,1,0,0,1,0,1,1,0,0,0,1,0,1,1,1,0,1,0,0,0,0,1,0,1,1,0,0,1,1,0,1,1,0
4103076,v32C2C,87DFVj,v32C2C@4103076.com,0,1,0,1,1,1,0,1,1,1,0,0,1,0,0,1,1,0,0,1,0,1,1,0,1,1,0,1,0,1,1,1,0,0,0,1,0,0,1,1,0,1,0,0,0,1,1,0,1,1
9364398,Ll38B6,u0V6Q8,Ll38B6@9364398.com,1,0,0,0,1,0,1,1,0,0,0,0,0,1,0,0,0,0,1,0,0,0,0,0,0,1,0,1,1,1,0,0,1,1,1,0,0,1,0,0,0,0,1,1,1,1,0,1,0,1
1115087,6hVbkv,34GBbt,6hVbkv@1115087.com,1,0,0,1,0,1,1,1,0,1,1,1,1,1,0,0,0,1,1,0,1,0,0,1,1,0,0,1,0,1,0,1,1,0,0,0,0,0,1,0,1,1,0,1,0,1,0,1,1,1
6090361,2707g8,Kv5283,2707g8@6090361.com,0,1,0,1,1,1,1,0,1,1,1,0,0,0,1,0,0,1,1,0,0,1,0,1,0,0,1,1,0,1,0,1,0,0,1,1,0,0,0,0,1,0,0,1,0,0,1,1,0,0
1279494,To0k5w,MS7428,To0k5w@1279494.com,1,0,0,1,0,1,1,1,1,1,0,0,1,0,1,0,1,1,0,0,0,0,0,0,0,0,1,1,0,1,0,1,1,1,1,0,1,0,1,0,1,0,0,1,1,0,0,0,0,0
1113692,K5Ss64,6k4HgX,K5Ss64@1113692.com,1,0,0,0,0,0,1,0,1,0,1,1,0,0,0,0,1,1,1,0,0,0,1,0,1,1,1,0,1,0,1,1,0,0,0,0,0,0,1,0,1,0,1,1,0,0,1,1,0,0
6024866,I23rOQ,ohSTj0,I23rOQ@6024866.com,1,1,0,1,0,1,1,0,0,1,1,1,1,0,1,0,1,1,0,0,1,0,1,1,0,0,1,1,0,0,0,1,0,0,1,0,1,1,0,1,1,0,1,1,1,0,1,1,0,1
8762133,r182Jk,4F4e50,r182Jk@8762133.com,1,0,0,0,1,1,0,1,0,1,1,0,0,1,0,1,1,0,1,1,0,1,0,0,1,0,1,1,1,0,1,0,1,0,0,0,1,1,0,1,1,1,0,0,0,1,1,1,0,0
3807372,3rh8wS,L1Iv8V,3rh8wS@3807372.com,0,0,1,0,1,0,1,0,1,1,0,1,1,0,0,0,1,0,0,1,0,0,1,0,1,1,1,0,1,1,1,1,1,0,0,0,1,1,0,1,1,1,1,0,1,1,0,1,0,0
9704983,1Y7iW0,5y48Wp,1Y7iW0@9704983.com,0,1,0,0,1,1,0,1,0,1,1,1,1,1,0,0,1,1,0,0,0,0,0,0,0,0,1,0,1,0,0,0,0,0,1,1,0,0,1,0,0,0,1,1,1,0,1,1,0,0
1443455,5T22bD,4an64m,5T22bD@1443455.com,1,1,1,1,0,0,1,0,1,0,0,0,0,1,1,0,1,1,0,0,1,0,0,0,0,1,1,0,1,0,1,0,0,1,1,1,1,0,1,1,0,0,0,1,0,1,1,0,0,1
3575173,5q56jA,67Er48,5q56jA@3575173.com,1,0,0,0,1,0,1,0,0,0,1,0,0,1,0,0,0,1,1,0,1,1,1,1,0,1,1,0,0,0,0,0,0,1,1,0,0,1,1,0,0,1,1,0,0,1,0,1,1,1
3770767,ArA0PX,C05560,ArA0PX@3770767.com,1,1,1,0,1,1,1,0,0,1,1,1,1,0,1,0,0,1,0,0,1,1,0,1,0,0,1,0,0,1,1,1,1,1,0,1,1,1,0,1,0,0,0,0,1,1,0,0,1,1
8264730,1a25n4,2Tn36y,1a25n4@8264730.com,1,0,1,1,0,0,0,0,1,0,0,0,0,0,0,1,0,0,0,0,0,1,0,1,1,0,1,1,1,0,0,1,1,1,0,1,1,1,0,0,1,1,0,0,0,0,0,0,1,0
6893989,1etMND,5aH0t4,1etMND@6893989.com,1,1,0,0,1,1,1,1,1,0,0,1,1,0,1,0,1,1,1,0,1,0,0,0,0,0,1,1,0,1,1,0,0,1,1,1,0,0,1,0,0,1,1,0,0,1,0,1,1,0
259684,flF6A2,836824,flF6A2@259684.com,1,0,1,0,1,1,1,1,0,0,1,1,1,1,1,0,0,0,1,1,0,1,1,0,0,0,1,0,1,0,1,1,0,1,1,0,0,1,0,0,0,1,1,0,1,1,0,0,0,0
1880411,u50O26,7r3Vc5,u50O26@1880411.com,1,0,1,0,0,0,0,1,1,1,1,0,1,0,1,1,1,1,1,1,1,0,1,0,0,0,0,0,0,0,0,0,0,1,1,1,0,1,0,0,0,0,1,0,1,0,0,0,0,0
4221238,YOeoIy,WA106R,YOeoIy@4221238.com,1,1,0,1,1,0,0,1,0,0,1,0,0,1,0,1,0,1,0,1,0,1,0,0,1,0,1,1,0,1,0,0,1,0,0,1,0,1,0,0,0,1,1,1,1,0,0,0,0,0
3652276,4FDD6K,180265,4FDD6K@3652276.com,1,0,0,1,0,0,0,1,1,0,1,1,1,0,0,0,1,0,0,0,0,0,1,0,0,1,1,0,0,1,1,0,0,0,0,0,1,1,1,1,1,0,0,1,0,0,0,1,1,0
3254469,51m6X1,W6GVn8,51m6X1@3254469.com,1,0,1,1,1,1,1,1,1,1,1,1,0,0,0,0,1,0,1,0,1,0,0,0,1,1,0,0,1,0,1,0,0,1,0,0,1,0,1,0,0,1,0,0,1,1,1,0,0,0
1023277,C7rq38,23X418,C7rq38@1023277.com,1,1,0,0,0,0,1,1,0,0,0,1,1,0,1,0,1,1,0,0,0,1,1,0,0,0,1,1,0,0,1,1,1,1,0,0,1,0,1,0,1,1,0,0,1,0,1,0,1,0
4270030,mL1g20,6dDXT5,mL1g20@4270030.com,0,1,0,0,1,0,0,0,0,1,0,1,0,0,1,0,0,1,1,1,0,1,0,1,1,0,0,1,1,0,1,1,0,0,1,0,1,0,0,0,0,0,1,0,1,0,0,0,1,0
605998,jVF44g,Dj0U6M,jVF44g@605998.com,0,0,1,0,1,0,0,0,1,1,1,1,1,0,1,0,1,1,0,1,1,1,1,0,1,1,0,0,0,0,1,1,1,0,0,1,0,0,0,1,0,1,0,1,0,1,0,1,1,0
7635494,ol8L6W,fH6u2T,ol8L6W@7635494.com,1,1,0,0,1,1,0,1,1,0,1,0,1,0,1,1,0,1,1,1,0,0,1,1,1,1,0,0,0,1,1,0,1,0,0,1,0,0,1,0,0,0,1,0,0,1,1,1,0,1
6572382,2437V7,870f0H,2437V7@6572382.com,0,1,1,1,1,1,0,1,0,0,1,0,1,0,0,1,1,1,1,0,1,0,0,0,1,1,1,1,1,1,0,0,1,0,0,1,0,0,1,1,1,0,0,1,1,0,0,0,0,0
3930698,E883c3,72e766,E883c3@3930698.com,1,0,0,0,1,0,0,0,0,1,1,0,1,1,1,0,1,1,1,0,1,1,1,1,1,0,1,0,1,1,1,1,0,1,1,1,0,1,1,1,0,0,1,1,1,1,1,0,0,0
1114754,2VPh3G,g8TOlV,2VPh3G@1114754.com,0,1,1,1,0,1,1,1,0,0,0,0,1,0,0,0,0,1,0,1,0,0,1,0,0,1,1,0,0,0,0,0,1,0,1,1,0,1,1,0,1,0,1,0,1,0,0,1,1,1
6821073,DP4727,q83YpM,DP4727@6821073.com,1,0,1,1,1,1,0,1,0,1,0,0,0,0,0,0,0,0,1,1,1,1,1,1,0,0,1,1,1,1,0,0,1,1,1,1,0,0,1,1,0,1,1,1,0,0,1,1,0,0
6146644,Lj5p38,tr5w34,Lj5p38@6146644.com,1,1,1,1,0,1,1,1,1,1,1,1,0,1,1,0,1,1,1,1,1,1,0,1,0,0,0,0,1,0,1,0,1,0,0,0,0,1,1,0,1,1,0,0,1,1,1,1,0,0
1824967,854846,Wa7q73,854846@1824967.com,0,1,0,0,0,1,0,1,0,1,1,0,1,1,1,1,0,1,0,1,1,1,1,1,0,1,1,0,1,0,1,0,1,1,1,1,1,0,1,0,1,0,0,0,0,0,1,1,1,0
6931959,4062T2,r3IY5T,4062T2@6931959.com,0,1,1,0,0,0,0,1,0,0,1,0,0,1,0,1,1,0,0,0,1,0,1,0,0,0,0,1,1,0,1,1,1,0,1,0,1,1,0,1,0,1,1,1,1,0,0,0,1,1
2443745,625NQy,7j55S8,625NQy@2443745.com,1,1,0,1,0,1,1,0,1,1,0,1,1,1,1,0,0,1,0,1,0,1,1,0,0,1,1,1,0,0,1,1,0,0,0,0,0,1,0,0,0,0,0,0,0,0,0,1,0,1
1132669,0I5s62,XV00i4,0I5s62@1132669.com,0,1,1,1,1,1,1,1,1,0,0,1,0,1,1,0,0,0,1,0,0,0,1,1,0,0,0,0,0,1,1,0,1,0,1,1,0,0,0,1,0,0,0,0,0,1,0,1,1,1
359125,eD00xC,dCueG5,eD00xC@359125.com,0,0,1,0,1,0,1,1,1,1,0,0,1,1,1,1,0,0,1,0,0,0,0,1,0,0,0,1,1,1,1,1,0,0,0,1,1,0,1,0,0,1,0,0,1,0,0,0,0,0
466857,21ueU8,1LK7dT,21ueU8@466857.com,1,0,0,0,1,0,1,0,1,1,1,0,1,1,1,0,0,1,1,0,1,0,1,1,1,1,0,1,1,0,0,1,1,1,0,1,1,0,0,0,0,0,0,0,0,0,0,0,1,0
3504856,Rssc4W,I5Vu16,Rssc4W@3504856.com,1,1,1,1,0,0,1,1,1,1,1,1,0,1,0,0,1,0,1,1,1,1,1,0,1,1,1,1,1,0,1,0,1,0,0,1,1,1,1,1,1,0,1,0,1,1,0,0,0,1
